REFCODE,molecule,pore_diam_opt,no_windows
ABAWEI,3,1.5408486297402386,2
ABIKUU,2,4.779188784825832,5
ABILAB,4,4.954985460142144,5
ABILEF,9,5.424363020128478,4
ABILIJ,10,5.634886972852593,4
ABILOP,8,3.6855836127437125,3
ABILUV,2,3.8601438209092573,5
ABIMAC,1,3.653610356318041,3
ABIMEG,3,3.7273726090086217,5
ABIMIK,11,3.4421505347674866,3
ABIMOQ,0,5.284583720870506,0
ABIMUW,4,1.1218441679125761,2
ABINAD,0,1.2495975461575122,2
ABINEH,0,4.391542277528922,0
ABINIL,50,6.509045842780777,5
ABINUX,5,2.275130157429286,2
ABIPAF,1,6.367002504122318,5
ABIPEJ,7,5.903258769972902,5
ABIQEK,0,5.331615582950382,4
ABIQIO,5,5.365240933754123,4
ACIHOK,2,4.399852890442792,2
ACIYOC,4,4.789340686952677,0
ACOKAG,3,1.8233167702213033,2
ADARUU,65,5.860827436605538,3
ADOSEU,1,4.404658025651139,2
ADOSIY,3,3.6325830193052657,0
ADOSOE,1,5.468542373655225,2
AFEFUM,31,1.549823480222479,0
AFEGAT,5,1.507252725918439,0
AFISOY,3,4.239890123723081,2
AFISUE,6,4.0763677929332225,2
AFITAL,3,4.1931635024768585,2
AGEPIL,0,0.7311565062289387,2
AGETIR,2,1.3751729824821335,1
AGETOX,6,1.3300189507936921,1
AJOKOA,2,0.5603035894567858,1
AJOQEX,3,5.078931794525609,2
AJUNOJ,0,6.160276050263626,2
AKEBEZ,15,1.7716027883048642,2
AKEBID,8,1.9172575556453713,0
AKIFAB,6,0.5324171325635905,2
AKIMUE,1,3.5018859203713704,2
AKINAL,1,2.5829124253403664,2
AKINEP,0,2.9616275437059874,2
AKINIT,1,2.2748373850592674,2
AKINOZ,17,2.5034271296238475,2
AKINUF,2,2.3540888852648387,2
AKUVEH,1,0.9398205088389404,2
AKUVIL,0,0.7246348081387759,2
AKUVOR,0,1.0087303796461131,4
ALABEV,5,3.612384115590318,3
ALABIZ,0,3.1990752973934353,3
ALABOF,14,3.3076583647223567,3
ALABOF01,4,3.306668038553601,3
APEQUJ,0,3.851251507956366,3
AQIBEJ,8,3.7354800950925253,3
ARAJOS,0,0.26936188092451463,2
ARUQOU,14,5.029117594712448,2
ARUQUA,3,3.060492716034888,2
ASEVUP,0,1.785720145482431,2
ATOHUN,2,4.0277901860053476,2
ATOJAV,3,2.9061913393044354,2
ATOJEZ,3,4.421203905751739,2
AVAWID,0,6.3672183139475305,2
AVAZIH,7,4.56190385107228,2
AVAZON,0,7.849896760907038,2
AVELET,4,2.6746843081091245,1
AVELIX,3,2.8003977217069775,1
AVIMAT,1,1.72053274003239,2
AVIMEX,2,0.9179255391557519,2
AVIMOH,1,1.8415742049250299,2
AXONIK,2,0.9889859632978197,2
AYOQEK,2,1.3575583052467604,3
AYOREL,1,2.888360363501217,2
AYORIP,0,0.8389565456108743,2
AZOPOV,1,1.1732223679155491,2
BAFZEN,1,2.505435625870607,2
BAGBUJ,1,3.302517299507266,3
BAHSOV,0,0.4285413627010386,2
BAHTAI,2,2.00539248945111,2
BALCIB,1,0.6018361533611651,2
BALHAX,0,3.167854665160706,2
BALHEC,1,5.104142669936534,1
BALHIG,1,2.8769646655808354,2
BALHOM,2,2.919131296932403,1
BALLEF,0,3.1100053943866697,2
BAMZOG,0,4.445618927321425,3
BANGUS,16,6.243462969636127,2
BAQDIJ,0,1.1724082470948112,0
BAQGAB,0,2.2518655796347926,2
BAQGEF,0,4.705296215903697,2
BAQGIJ,0,1.7308904010253454,2
BARZAX,2,1.7006248049900283,2
BATGUY10,1,1.4426919252174577,3
BAZDEN,1,0.413207856133222,1
BEFDIA,0,5.627480758713634,2
BEFDOG,5,6.81112019704789,2
BEFDUM,1,6.341901570390778,2
BEFFAU,0,5.721141375930305,2
BEHFIE,4,0.5520621151145599,2
BEJPAH,1,2.5657225592803803,2
BEKXIB,11,4.115602334252756,3
BENJIQ,3,0.7300247589326383,2
BENJUC,2,0.9758270404456257,2
BENKAJ,0,0.978876542992555,2
BENKEN,3,0.49547236024854957,2
BENKIR,1,3.363984321996694,1
BENKOX,0,1.3563401401802837,2
BENKUD,0,3.3109704732496525,1
BENLIS,6,0.5293734441985118,1
BENLOY,0,2.733074858565262,1
BENLUE,0,2.5450738829401787,1
BENMEP,1,0.9532383845028072,1
BENMIT,2,1.2925312360598653,2
BEQWID,1,1.305057007482667,3
BEWKOE,2,0.8751796174505087,1
BEXMUM,0,0.5368228589481365,2
BEXNAT,4,3.5400364082733486,4
BEXWUY,7,5.688949818684728,2
BEYLUO,2,6.640101692450212,2
BICCUL10,0,1.675561266816922,1
BICMIM,0,2.443287889668606,2
BIGZAS10,0,0.8557138760500984,1
BIKXUQ,7,5.284535715760805,2
BIXNUU,2,0.3757745334375562,1
BIZNAB,9,1.4246318983101673,2
BIZPIL,3,2.454951642711329,2
BIZVAJ,0,2.351312451025505,2
BIZVEN,3,2.8282678656155165,2
BIZVIR,0,2.5267869819448627,2
BOCBAW,3,4.477433410566306,2
BODBUT,1,5.319863323823757,2
BODCII,1,4.469598469742342,2
BODCOO,0,5.482233563176257,2
BODCUU,8,5.67128553209732,2
BODDAB,1,4.642942885724143,2
BODDOP,1,4.44159405273847,2
BODJOT,1,2.4477429353800213,2
BOKFEO,1,7.180349569791458,2
BOQBUG,0,2.6754893457543987,2
BOQCAN,0,0.31811745178067374,2
BOSMAY,2,5.190964698918425,2
BOSMEC,1,5.110976771322001,2
BOSMIG,1,5.203627905385783,2
BOSNUU,9,2.1084608608816366,2
BOWROU,0,0.9203836738632565,2
BOWROU10,0,0.920402894524063,2
BUJZOV,0,1.6359904076159593,2
BUJZUB,1,0.9035573413996336,1
BUKVAG,0,4.77441135671423,2
BUKVEK,1,4.9353783866240555,2
BUKVIO,4,4.946275518401077,2
BUKVOU,2,4.736942035124208,2
BUKVUA,1,4.846180277272278,2
BUKWAH,11,4.611544861802047,2
BUNBAO,1,1.6673403845278338,2
BUVKIM,1,1.1924497037890673,2
BUVKOS,1,0.524089551780548,2
BUVKOS01,0,1.3098799522236972,4
BUWYID,1,1.3325664441455691,1
BUYMAL,0,0.5225347425806328,2
BUYPER,4,1.8151105855296374,1
CABFOD,0,7.621060793475774,2
CABFUJ,0,6.839630926044141,2
CABVUZ,6,6.56265076370055,2
CACBEO,2,0.9934077222551037,2
CADFEV,1,5.757018407808376,5
CADKEX01,0,1.294889791381793,2
CAFJAX,55,6.480947276293707,2
CAFJEB,0,6.521873865087496,2
CAGFUM,1,1.9310057496590862,2
CAHTEM,7,16.33567538807847,12
CAHTEM01,7,16.4903827828383,12
CAHTEM02,7,16.48663793268157,12
CAHTEM03,7,16.50981621803181,12
CAHTEM04,7,16.453951405840023,12
CAHVAK,7,16.45291101239595,12
CAHVAK01,7,16.46784401252366,12
CAHVAK02,7,16.470615556071703,12
CAHVAK03,7,16.517701311426528,12
CAHVAK04,7,16.474833787454443,12
CAKSEP,0,3.1999462543372936,2
CALJUX,6,4.512713114003548,2
CAMMIP,2,2.6751528779088605,2
CANHOR,1,8.197868031575025,3
CANYAT,2,3.3201424991105246,2
CATGEK,1,0.6193449273748302,0
CATQAR,27,2.521062185671994,0
CATREV,2,4.039335779406009,2
CAVDAG,1,5.016663114305084,2
CAVDEK,0,4.728854627670213,0
CAVDIO,0,4.928602718663065,3
CAVDOU,2,5.026359439464185,2
CAWRAT10,0,0.48699936865560245,1
CAWYEF,2,2.4802154598000152,1
CAXFIT,2,5.583999999999989,4
CAXFOZ,3,5.415446357500727,4
CAXROJ01,0,1.474462792414656,4
CAZSEC,0,1.3887580846066028,0
CAZVEF,1,0.6556074966119785,2
CEBQEG,0,0.8455030954436107,1
CEFGAW,6,3.780168161853759,3
CEGCEY,0,0.4606528952276667,2
CEHGEB,0,2.576042305200615,2
CEHGIF,1,2.5031047381825715,2
CEHGOL,1,1.7986399058956009,2
CEHGUR,1,2.4570804365360797,2
CEHHAY,3,2.4472391054153864,2
CEHHEC,0,2.214525124543328,2
CEHKOS,1,11.471605003799908,2
CEHYIA,0,7.387281521097567,2
CEHYOG,1,9.345062447089523,2
CEJVIW,2,2.4652712935878984,2
CEKXUL,0,2.455682796525206,2
CELMUE,1,6.548093095589653,2
CEPWUP,1,0.3752854401904866,0
CEPXAW,1,0.4636745718849302,0
CEQNIV,2,3.7550819329182015,2
CERNIZ,1,4.664753311710749,2
CERNOF,1,4.733409933211151,2
CERQAU,1,5.306905689119981,2
CEVHAN,0,5.371010300245217,2
CEVHER,3,3.662971869389241,1
CEVHIV,0,4.963650740722819,2
CEWFOA,3,0.6331634453493709,1
CIDMOR,5,3.269942199873995,3
CIDMUX,64,1.339689184443618,3
CIDNAE,1,2.501244386275934,3
CIDNEI,2,3.570492970632557,2
CIFQEN01,2,2.058508050845021,0
CIJMEQ,3,1.5312976814454657,2
CILBEH,2,2.4615970865966705,2
CILCUY,1,2.480145865114544,2
CILREX,1,4.930716582922621,2
CILRIB,0,4.973177350822509,3
CILROH,3,4.879977351235027,2
CILRUN,3,4.901056880187703,3
CILSAU,0,4.922677271648913,3
CILSEY,0,5.012306221112748,2
CILSIC,0,4.97648119459156,2
CIRTEC,7,2.411848229554769,2
CISXAD01,1,4.9862926863129715,2
CITLAS,0,1.9383984872338664,2
CIYQOR,0,3.1414973763284975,2
COFFAG,2,7.687954797240556,2
COFFEK,8,7.646738929916001,2
CONCUF,3,5.387028020490158,2
COQFIZ,2,1.8796902510024833,2
COQFOF,1,1.0610537025908888,2
COQFUL,0,1.0429344727167043,2
COVFAW,0,3.6609449514616688,1
CUBVEC,2,3.983211517020814,5
CUBVIG,3,3.253460138492271,2
CUBZUV,3,4.722460804126083,3
CUTROZ,1,2.5012989538200947,2
DADNAZ,3,0.7885441742884329,0
DAJGAZ,1,2.514882859541419,2
DAJGED,1,2.4799100912755887,2
DAJGIH,2,1.4091001655996762,2
DAJJAB,0,5.301128091736025,2
DAJJIK,14,4.882182981081437,2
DAJJOQ,1,4.376181158977756,2
DAKSEN,1,1.0657548019290326,1
DAKSEN10,0,1.3272038329071414,1
DAKSIR,1,0.49858867491255454,0
DAKSIR10,3,0.5796740632535564,0
DAMREP,12,1.8167315734421146,2
DANYAV,0,5.036178220142412,8
DANYEZ,2,4.91114511956653,8
DANYID,2,5.037468655515642,8
DAQDII,7,2.526803813889798,2
DAQDII01,2,2.4804494742924637,2
DAQDOO,3,2.1279886011190956,2
DAQXOJ,1,2.217601174502527,2
DAQXUP,3,1.6602557293754994,2
DAQYAW,10,1.3930230313574357,2
DAQYEA,2,2.142299659423648,2
DARSEW,2,3.0954274793150547,3
DASMUG,1,2.5002517114772664,2
DATYOO,2,5.117871020256537,2
DAWMIZ,9,6.364184484847577,2
DAWREZ,7,2.6798718670898154,2
DAYWIL,2,4.904825089467662,2
DAYWOR,26,5.093182611006245,2
DAZMUM,0,1.4763857347172786,4
DEDTOY,0,5.619560395965239,4
DEDTUE,0,5.529719963681282,4
DEDVAM,11,5.9374659755512305,4
DEDVEQ,0,5.366704350596507,4
DEFQEN,0,1.6906804766375347,2
DEJZIC,6,4.420277105012925,3
DEJZOI,10,5.53500026145835,2
DEJZUO,0,1.7829265893122535,2
DEMHOS10,0,1.634803215440387,2
DEMHUY10,1,1.0769859072295027,2
DEMJAG10,0,0.5692622636547631,2
DENFOR,1,5.241527258865856,2
DENFUX,1,5.3451381369735,2
DENMIV,0,5.497774023305979,0
DENMUH,2,5.548859907935178,0
DENNAO,0,7.0985846842681415,6
DEPDOU,1,1.1466152988795337,2
DEQQOI,4,4.355142857893,2
DEQRAV,4,4.010824618481996,2
DEQRID,2,3.8820304337983793,2
DEQRUP,0,4.263425088807633,2
DEQSAW,11,5.000476776562568,2
DEQSEA,0,4.505045587649642,2
DEQSIE,1,4.102592174005505,2
DEQSOK,0,4.155728553218074,2
DEQSUQ,1,4.305830367294876,2
DEQTAX,2,4.8515433715496155,2
DEQTEB,1,3.673680424032136,2
DEQTIF,1,3.953143199440522,2
DEWCOY,4,7.71483808206273,2
DIBFUS,0,4.432881400831537,4
DIBGAZ,0,4.979609421546986,2
DICSEO,0,4.6963197240548915,2
DICSIS,3,4.49457885182054,2
DICSOY,4,5.8672833416693635,2
DICSUE,1,8.22544057351912,2
DIFHAD,5,4.581222795407136,2
DIFKUA,0,1.0781663852442152,2
DIGBIG,1,2.5128163672151733,2
DIHGEH,1,3.998782743435267,2
DIHGIL,0,4.677375544109774,2
DIHGOR,9,5.113578316161796,2
DIHPUG,2,1.3675561377868037,2
DIHQOB,0,1.1658754764245658,2
DIHQUH,0,0.7551509953235422,3
DIJMOZ,5,1.2363788037813301,3
DIJMUF,0,1.2677562312903912,3
DIJSOG,5,3.0828444564760065,3
DIJSUM,0,0.28729730722399616,2
DILGOW,3,2.1934224122990655,2
DIPYAC,3,1.697264203017689,2
DIVSOT,4,6.151781329719933,2
DIVSUZ,3,6.337140375635901,2
DIVTAG,0,6.338203698932993,2
DIVTEK,8,6.139632473368783,2
DIVTOU,0,3.7191431059302835,2
DIVTUA,1,3.2863387059773896,2
DIVVOT01,1,1.442927961533469,2
DIVZUG,1,3.2601681338349864,2
DIWBAP,0,3.5202136243860926,2
DIXRIL,2,0.7473454004747704,0
DOCVUM05,2,6.666603558659201,2
DOCVUM06,2,6.64772042524117,2
DOCVUM07,2,6.6171555305362055,2
DOCVUM08,1,6.669448726354894,2
DOCVUM09,1,6.545731215279856,2
DOCVUM10,1,6.262219538401566,2
DOCVUM11,1,5.718298335655518,2
DOFKOA,1,1.5779693378082276,2
DOFKUG,1,7.504998955952592,2
DOFLER,2,4.054306506605462,3
DOGFOU,0,0.991760245221347,5
DOGFUA,1,0.38860461389142875,1
DOGHIS,11,7.765009669760504,2
DOHJUH,1,4.630332061523394,2
DOHROI,2,3.168162609496689,2
DOHRUO,0,1.7520873751084438,2
DOHSAV,18,1.7841344960704695,2
DOHSEZ,1,1.78586572435706,2
DOJWOQ,0,5.214230002164836,2
DOLBUD,2,3.976952968665286,2
DOLCAK,3,3.882372168666848,2
DOLCEO,9,0.6337801803818053,2
DOLCIS,3,3.6653145114349557,2
DOLCOY,0,3.5343227179050962,2
DOLCUE,4,1.258545584843679,1
DOLDAL,5,2.5946763821518664,3
DOLDEP,2,2.69118615478938,2
DOWTOY,1,1.5804297441059814,1
DOWTUE,0,1.8102790020146693,0
DUCLIY,1,0.4928372736038855,2
DUCLOE,0,1.545077175769888,2
DUCLUK,0,2.1377678708076107,2
DUCMAR,2,3.1049720052737855,2
DUCRUP,3,0.35211609901587293,2
DUHZEN,0,7.7051420906993755,2
DUJGIY,3,2.571057599017808,2
DUPHON,2,1.1191397645246544,2
DUQMEJ,3,3.531227338055137,2
DUTBUP,1,2.1522362825180203,2
DUWPOB,0,7.690320065924029,2
EABVOS,0,1.1131019498251944,1
EACCAM,2,0.6882233275216079,1
ECEFID01,2,5.104768270801525,2
ECEFUP,7,5.245648674813221,2
EDELEG,3,1.3690271966576137,0
EDELIK,0,5.948175240523174,3
EDOMER,0,4.179632557742547,2
EDOTAU,3,3.096834880319347,3
EDOTEY,0,3.0187391194314244,3
EDUGES,1,4.356689032619771,2
EDUJAR,1,2.4216071128241983,2
EFACAS,0,2.4915589134637934,2
EFACAS01,0,2.5305983415272464,2
EFACAS02,0,2.4301591270889484,2
EFACAS03,1,2.5131424173542167,2
EFACAS04,0,2.531425338906605,2
EFACAS05,1,2.469138892217243,2
EFEDAU,1,0.9897875756583656,2
EFERAJ,2,2.0070213008559503,3
EFEREN,0,2.0361710894377887,2
EFERIR,16,0.8643514858163255,2
EGATIP,6,0.5712529856708208,2
EGATIP01,6,0.5712529856708208,2
EGIRIV,0,3.7179223637508554,4
EGIROB,55,3.7644640583438167,4
EHARUB,0,0.7675923725553169,2
EHEBOI,3,6.41167688804384,1
EHELOT,0,1.2459360954535232,2
EHELUZ,0,1.3261474065131602,2
EKIMUI,1,4.6904178916292185,2
EKINAP,5,5.117773846102782,2
EKINET,0,5.268194565903125,2
EKINIX,0,4.695528984107574,2
EKINOD,1,4.709345393950764,2
EKINUJ,9,5.504641736972854,2
EKIPAR,2,5.591746261122369,2
EKIPEV,9,5.6248351149883895,2
EKIPOF,0,4.68186436726511,2
EKIPUL,3,4.663307343130258,2
EKIPUL01,3,5.113568227887013,2
EKIQOG,1,4.685077047503594,2
EKIQOG01,2,4.712018638414859,2
EKUKUR,4,10.231638410381873,4
ELAKUY,1,5.47776245652382,4
ELALAF,3,5.375443509341142,4
ELAMUZ,0,4.874884845077473,4
ELANAI,0,2.035830777087504,2
ENAZOI01,0,1.6714091122908665,2
EPEHUD,5,6.250462962922121,2
EPIRUR,5,5.300743692048046,6
EPISUS,0,1.571211084014175,2
EPITAZ,1,1.4135341469069531,2
EPITED,6,1.5214306294222824,2
EPITED01,3,1.4162516246556236,2
EPOBOB,5,7.234012998219757,2
EPOBUH,3,7.755502773334975,2
EQEXIJ,1,9.84377335728268,3
EQEXOP,1,11.164834108968428,3
EQEXUV,10,9.05419075950338,3
ESEZUY,1,2.319467167784335,2
ESIBAK,14,6.524101727788452,2
ESIBEO,2,3.558229570232203,3
ESIBIS,0,0.4190179929498439,2
ESIGIY,1,4.796034796378439,2
ESIGOE,1,5.0034848403472,2
ESIGUK,0,5.922205479844623,2
ESIHAR,6,5.69131800614975,2
ESIHEV,1,8.669321673123486,2
ESIHIZ,8,2.7504635929298455,2
ESIHOF,1,4.875090642336442,2
ESIHUL,2,3.0642570588778595,1
ESIJAT,3,3.8129267377116896,2
ESOWIS,3,7.888150243221725,2
ETELIZ,0,0.4481812579507123,0
EVATEA,0,0.5265559080651236,0
EVEGOD,0,6.140295812890045,2
EVIFIA,1,4.339681262439571,2
EVIFOG,3,2.9535056353120726,3
EVIFUM,0,5.189126666378561,2
EVIGAT,0,3.74388496212562,1
EVITIO,1,3.5626537279960657,1
EVITOU,1,3.7386140756684108,1
EVITUA,2,3.2688458399455436,2
EVIVAI,1,4.077522722062254,3
EVIVEM,2,2.310729769073141,3
EXESAC,3,0.588077868833119,2
EYAQAX,2,6.453816846707438,2
EYAQEB,4,6.265975143310872,2
EYOKIN,1,5.938345498970431,2
EZEKAW,1,2.1358482310874582,1
EZEYAJ,11,7.3152835798357465,2
EZOCON,2,5.176096624145909,2
EZUYEE,2,4.63533639777973,3
EZUYII,1,4.863200900244793,2
FACWIP01,7,4.315143853596865,3
FACWIP02,0,4.374506248912393,3
FAGMEH,2,6.1657301794369115,2
FAGMIL,5,6.292428495799658,2
FAHGIE,0,1.535817406978282,2
FAHHUR,1,2.2980141495909403,2
FAPHUC,10,0.5551171853223686,2
FAXXIM,33,1.9786497794225038,3
FAYHUK,3,3.879441452614619,2
FAYJAS,0,4.053902575667955,2
FAYJEW,5,2.430857685127972,2
FAYJIA,0,2.081467356695479,2
FAYJOG,0,3.339837642415486,2
FAYWUX,0,1.465069934171201,2
FAYZAH,3,1.0435650096466786,2
FAYZEL,1,0.9767540215438895,2
FAYZIP,6,0.558579250516932,2
FAYZOV,1,1.161977252961115,1
FAYZUB,3,0.8628417554115582,2
FAZBAK,6,1.0272110721387921,2
FAZBEO,4,1.201571535092643,2
FAZBIS,1,1.0260553056358437,2
FAZCEP,19,1.6735405969005064,2
FAZCIT,4,1.7698560588767736,2
FAZCOZ,4,2.2318791246509506,2
FAZCUF,2,1.72659300847834,2
FAZSOP,0,2.6524597813733695,2
FEBSUB,2,5.188434174713807,1
FEBTAI,6,4.9586703305291415,1
FEBTEM,0,2.2918039785919646,2
FEDWET,1,6.384174517475326,3
FEFCOL,3,5.147725852413569,2
FEHXOF,2,2.4871659251597777,1
FEHXOF10,3,2.4874039831141928,1
FEJVOH,0,5.944500609712824,2
FEMCUY,0,0.3143228063875756,0
FEMNIX,3,2.3119204049177577,2
FEMNIX01,12,2.3549566128128667,2
FEMNIX02,0,2.311563238213547,2
FEMSIA,0,9.416238790943432,2
FEPZOP,0,1.5120529461711683,2
FEQQIC,6,1.678639880662506,2
FEQQOI,0,1.9046544946917705,2
FEQQUO,3,2.7297946482474758,2
FEQRAV,1,1.8146608960150892,2
FEQREY,3,1.4594800391854998,3
FEQREZ,22,2.184862755068281,2
FEQRIC,0,2.436732003579746,3
FEQROJ,0,4.407362152630478,1
FEQXAC,0,8.042776074526213,4
FEXCOA,0,1.397137633267231,2
FEYYUE,0,1.7254795943195185,2
FIFBAA,3,4.142581991708811,2
FIFBEE,9,6.455771556882967,2
FIFFUW,6,1.1193372461739997,2
FIFTAR,4,5.141297404656212,4
FIFTEV,2,5.154437318242886,4
FIFTIZ,0,4.178438454927001,4
FIFTOF,8,4.853583438628368,4
FIGMUG,0,0.6428599171107168,2
FIGNUH,0,0.628272715916053,2
FIGPAP,1,5.235516956696852,2
FIGREV,0,4.099592378226981,2
FIHDOR,0,0.2648912780181356,2
FISGOD,0,5.4858873898880525,2
FIWMEF,3,5.108480172623874,2
FIWMIJ,8,5.149449146316501,2
FIWMOP,10,5.109803586534484,2
FIYWOZ,0,2.4796544566835332,2
FOBMAN,1,4.783024111224899,2
FOBMER,5,4.524588286178094,2
FOBROG,4,4.720991225019272,2
FOBRUM,4,4.671912754060884,2
FOJPOK,0,3.2527893979233116,2
FOJQAX,4,3.5954689027724602,2
FOLPUT,1,0.9165784023395198,2
FOMLUQ,3,6.594062091402021,3
FONYEN,9,3.61500378093467,2
FOPHAU,6,3.3440006908629045,3
FOPHUO,0,5.873042757614769,2
FORCUM,1,4.722279114155549,2
FORDAT,3,4.128013892002883,2
FORDEX,6,3.748588994774225,2
FOWZIA,0,2.1655042325370384,6
FOXLAG,0,5.845517890299613,4
FUCVAA,1,2.0963012153295795,2
FUMROU,0,3.6240944588138855,2
FUVZON01,0,5.0097297126383875,2
FUWBEG01,0,4.404114743645355,3
FUXWUS,0,4.4490387227735235,2
FUYHEN,13,4.021995669550186,2
FUYHIR,7,6.324885220862798,2
GADVEN,7,1.361104943277481,2
GAFGAW,4,0.6893697217089181,1
GAFGEA,0,0.9908245505701898,2
GAFGIE,0,2.123000259570952,2
GAFGOK,5,1.6104835785235587,2
GAFGUQ,0,1.6015427179270532,2
GAJHAD,1,6.822242603029133,2
GAJHAD01,1,6.822242603029133,2
GAJWIA,1,2.1541498875802216,2
GAJWOG,5,2.6925661739378666,2
GANCUV,4,4.988557209598621,4
GANDAC,1,4.9281976787690915,4
GANDEG,0,4.823206287115109,4
GANDOQ,2,5.16067989411156,4
GANDUW,2,4.625982942702665,4
GARKAM,1,6.988135396099819,2
GASHEQ,1,8.458989491989033,3
GATSEC,3,3.8743025656561865,2
GAYTEI,2,10.755798233976709,2
GEGQOA01,3,1.9906241847508954,2
GEGQUG01,4,1.6930100624271067,2
GEGZIE,6,9.237820248670902,4
GEGZOK,2,8.854538936862205,4
GEHHUZ,1,4.563216729914224,1
GEHLEN,7,4.344008788870202,2
GEJCOP,11,3.365086001068367,3
GEJCUV,1,3.9217664249876365,4
GERDEO,0,3.664560623369528,2
GEWZOA,1,1.436460329709067,1
GEXBIX,8,1.4809367768296142,0
GEXJIC,1,1.3958205166575008,3
GICGUX,0,10.421861851285092,8
GILGOA,0,3.4025587558531387,2
GILHIV,0,3.609606160921951,2
GILKAP,21,6.382269217160546,2
GIPWUA,1,1.7901609170499388,3
GIPXAH,1,1.8393752421017262,3
GIPXEL,3,1.8902511916808877,3
GIPXIP,2,1.8840351617901825,3
GIWWAL,3,5.185122089987475,2
GIWWEP,4,5.083485441565642,2
GIWWIT,5,5.194433740348831,2
GIXDAV,0,1.1527816835756544,2
GIXDEZ,1,1.1084393264745693,2
GIYBAS,1,4.0017607524198056,2
GIYBIA,29,4.420996159147428,3
GIZKUW,1,5.145607533389764,2
GOCJAL,0,4.9641572496638755,2
GOCJEP,18,12.916210591851074,2
GUHLUR,3,5.048686665549839,2
GUHMAY,0,7.812071028416751,2
GUHMEB,0,1.7562045421244359,3
GUHMEB02,0,1.7562045421244359,3
GUHMEC,5,7.914769007949968,2
GUHMIG,1,7.306655671843698,2
GUJRAE,1,4.786888906853314,4
GUXZOO,0,6.987422716903037,2
GUYHOY,0,0.9356810679212275,0
HAGMOS,7,6.093033549525668,2
HAGMOS01,7,6.093033549525668,2
HAHDEZ,1,4.360988389597358,2
HAHNOW,0,0.9738958859427158,2
HAHVES,2,6.280195394508057,2
HAHVIW,2,6.418539067168927,2
HAJNEM,13,1.3268588571548334,1
HAJNIQ,65,1.2325003297104384,3
HAKPUG,3,6.600467984987562,2
HAMLAK,0,4.353949311195434,6
HAQNOE,0,6.610796992828984,2
HAQNUK,0,7.514816746970046,2
HAVDOY,2,7.52935926608135,2
HAWDUH,9,3.6188995269541304,2
HAWFAP,3,3.4001495469931613,2
HAWFET,2,3.612288408526401,2
HAWFIX,11,3.4593712281819538,2
HAWFOD,9,3.910120836072038,2
HAWFUJ,6,3.777762365533961,2
HAXMUO,2,7.561378092870348,2
HEGHUY,0,2.570850204131863,2
HEHDOQ,4,0.40703788919900497,2
HEHYOL,1,5.898542412657989,4
HEHYUR,5,5.979568896631541,4
HEMCAG,3,4.721795328804481,2
HEQFUF,2,2.2017682841469273,2
HESFOD,0,1.1571401575003635,2
HESXEL,0,0.5329338989194459,1
HETJIA,0,3.7135584499517633,2
HEVQOQ,15,5.525667567490164,4
HEVQUW,1,5.339388364139115,4
HEVRAD,3,5.825796611619719,4
HEVRAD01,3,5.916673641505836,4
HEWKEC,3,5.342091259190671,1
HEXXUD,1,7.487432789361792,2
HEYTUD,39,1.6697212448961163,4
HEYVAL,16,0.3290001230136057,1
HIFJEN,2,3.6627585054665723,2
HIGKIS,9,3.4301189809699686,2
HIGROF,5,3.701182717273109,2
HIJSIE,1,1.3631185686846146,2
HIMXUX,2,5.203628570507004,2
HIRKIE,13,5.050975074643031,2
HIRKUQ,43,3.988962107595152,2
HIRLAX,0,4.811536890881621,2
HIRLEB,49,4.003625706051201,2
HIYMUY,1,3.9531068290676603,2
HOVCAW,2,1.803205893000365,0
HOVJEJ,3,3.4200113690962763,1
HOWNEO,1,5.340511678227525,2
HUFZAL,0,4.49666862620035,2
HUFZEP,2,4.95704340654191,2
HUHCUJ,4,5.244765548282965,2
HUKZUJ,3,4.611263371309768,2
HUZBUB,8,0.9912312900403628,2
HUZCAI,0,1.0973596277702558,2
HUZMUM,0,2.3718460614522425,2
IBIDII,0,5.076172321694855,2
IBIFUW,0,2.186545851441486,0
IBIGAD,1,4.978546527917485,2
IBUZEN,4,5.688309886762131,4
ICACIB,1,1.215702673356113,1
ICIYIF,0,1.2313271621024509,2
ICIYOL,0,1.195080836558915,2
ICIYUR,1,2.529096477835663,2
ICIZAY,0,3.0305224708809555,2
IDASEO,2,3.90732068656049,2
IDEBAU,2,4.020495339244436,2
IDEBEY,1,5.308725001775969,2
IDIVOG,0,6.591800840722802,2
IDUBIV,0,4.828081980666191,4
IFAJOR,5,5.641441940949425,4
IFAJUX,0,5.4943133281084755,4
IFAKAE,10,5.541192009215477,4
IFAKEI,9,5.685884655378729,4
IFAKIM,0,5.417106196179461,4
IFAVOC,0,2.366873115377483,3
IFEMOX,9,4.118974007667191,2
IFEMUD,0,0.7830365178591516,2
IFENAK,0,0.3051666653990752,2
IFENIS,0,0.642369745008947,2
IFENUE,2,1.8085367087613675,2
IFEPEQ,0,1.853834023652149,2
IFINAM,1,1.239098356196373,2
IFOLUM,1,6.572420475676989,3
IFOSOO,2,4.295978668291367,2
IFOSUU,3,4.617526459955728,6
IFOVEF,4,1.7178808159394712,2
IFOVIJ,4,2.74342308924517,2
IFOVOP,2,3.2610667525999273,2
IGOTAB,8,1.5842453571832231,2
IGUQIK,2,2.483615220379345,2
IGUQIK01,2,2.483615220379345,2
IGUTUA,0,1.2308342145688398,2
IHEGEI,3,7.2180634337751535,2
IHOQED,13,9.505350625667342,2
IHOYAF,0,1.0473905337544607,2
IHOYEJ,1,1.2016031378665506,2
IHOYIN,1,1.5798399867106707,2
IHOYOT,1,0.48318555947257247,2
IHOYUZ,3,0.8101867016763884,2
IJIQAU,1,2.0090883359436345,2
IJIQEY,0,1.714280421213418,0
IJIQIC,2,1.7422243407150417,0
IJIQOI,0,1.6889838279604907,0
IJIQUO,11,1.776997760347676,0
ILIXEG,17,4.9453494229112565,2
IMOGOI,4,4.29430965485063,2
INAGUA,8,12.485103080477872,0
INESEZ,7,4.071544337052355,2
INISOP,0,4.292499115833124,2
INITOQ,2,1.020364731957331,1
INOLAZ,12,4.875446414404603,2
INOLED,0,5.998821070159121,3
INUJAC,4,3.539607979243437,2
INUPAI,2,4.9953524851703275,2
INUPEM,0,4.923962783233199,2
IQEYIN,0,3.810402707201949,2
IQEYOT,6,5.093923702438257,2
IREKOG,11,1.0147580659965638,1
IREPOL,0,1.633559303144628,2
IRIHIC,3,4.927636724937967,2
IRIHOI,0,5.0140861934372385,2
IRIHUO,1,4.966143754177482,2
IROTIU,0,1.370949523822031,2
IRUGOT,1,4.647849161110855,2
ISOHII,11,2.11127153641363,2
ISOHOO,5,1.97728027260163,2
ISUNIV,1,3.1571294241832217,2
ISUNOB,3,2.405752692304198,1
ISUNUH,5,2.268462405862152,1
ISUPAP,1,0.7364979459830434,1
ISUPIX,9,1.9641840474417154,1
IVOPIT,8,5.12228936293258,2
IVOPUF,1,2.3049792025042306,0
IWIWIU01,0,0.622382892626828,0
IWUNUL,17,5.391664495024806,2
IXEWIR,1,2.5418028680329976,2
IXEWIR01,1,2.4929891745274055,2
IXEWOX,0,3.566421869965963,2
IYEMAC,0,5.355045345399363,4
IYEMEG,105,5.395236288571189,4
IYEMIK,0,11.431089326767362,6
IYESOV,63,7.618251339907644,2
IYESUB,35,4.68148494733644,2
IYODOQ,2,4.701338858094928,2
IYOWAV,2,3.817875963498883,3
IYOWEZ,1,3.8773513077861623,3
IYUYIM,1,4.632750378836249,2
IYUYOS,0,4.537607331979402,1
IYUYUY,1,4.83889505744545,1
IZABOC,5,5.0038000443053345,2
IZOKIT,0,4.268588320573203,2
IZOKOZ,8,4.673627082441845,2
IZOKUF,7,4.582383493532511,3
IZOLAM,0,4.317424276424212,4
IZUYOR,4,1.690512527005895,3
JACTIT,4,2.194429324246235,3
JACTOZ,0,1.5767805161978337,2
JACTUF,0,1.5549561953964877,2
JADLUY,6,0.7875570798594631,2
JAGFUS,1,2.0396575465670606,3
JALZAA,2,2.1639239615574666,1
JAQBOT,0,10.091273129441511,0
JAQBUZ,1,7.035127741056806,2
JAQQUQ,193,6.303548925668828,2
JAWFET,3,0.5700901051737222,2
JAWFIX,1,1.868257337967664,0
JAWXEK01,0,1.0441765066634163,2
JAXKOJ,2,1.4949441243105515,2
JAXPON,1,0.6001883473320286,2
JAXQEE,5,0.43542345985012343,2
JEBPEM,7,2.1528060984361344,1
JECFIG,0,3.519346951194883,2
JEFHEH,0,1.158274048820557,2
JEFJAF,2,1.0077370696100658,2
JEGHUB,0,0.6741773282298653,2
JEGJAJ,1,0.6774179839114738,1
JEGJIR,0,0.5185893966408037,1
JEGXUP,1,0.9134273155316524,2
JEGYAW,0,0.34415797900740097,2
JEGYIE,0,1.0352522231837704,2
JEGYOK,1,0.25169908441358846,2
JETNAA,1,9.220121302105252,2
JETNEE,0,10.190018506722335,2
JEVFUO,0,1.0819146286836907,1
JEVGAV,3,0.6505960342806896,1
JEVGEZ,1,3.2722002885596218,3
JEVMIJ,0,2.411392898354307,2
JEVMOP,1,2.8396631080721924,1
JEVMUV,0,1.9666573783737582,2
JEVNAC,14,2.6287902376625625,1
JEVZAM01,1,4.959925233238263,2
JEZHOL,5,1.2763378337074123,2
JICXOI,2,1.391320489003045,3
JICXOI10,1,1.3913044927871252,3
JICXUO,3,0.28783584565536424,2
JIHJEP,0,4.240412421103498,3
JIJHAL,1,1.0459618548065714,2
JIJHEP,1,0.34125030979594495,1
JIJHIT,0,4.452649124989868,2
JIJNEY,1,5.180375921490651,2
JIJNIC,5,5.272918247448336,2
JILFOZ,0,1.8282056703765703,2
JILFUF,1,1.6585891304555669,2
JISPAF,4,2.4244690151261374,2
JISPEJ,3,2.1721498247354005,2
JISWEQ,0,1.6579937029314067,2
JISWIU,5,2.7244160998911835,1
JISWOA,10,2.809468606513566,1
JISXAN,3,1.066985111111943,1
JISXER,0,2.1410195081977457,2
JITFEA,0,7.677181239885664,2
JITFIE,12,7.2630444262156075,2
JITFOK,8,7.237595121483622,2
JITFUQ,11,7.378299597029558,2
JITGAX,1,7.819305017553196,2
JITGEB,2,7.801622392090465,2
JITGIF,2,7.521905005033171,2
JIVVUI,5,2.0721985504872555,6
JIVWAP,1,2.0211270278706164,2
JODMOE,1,4.152782975849734,3
JOFGES,0,0.7019621827335483,2
JOGZIQ,23,0.9846786425420331,1
JOHREE,0,2.006160935251758,2
JOHRII,1,1.4139060765929878,2
JOKYAL,1,3.7462920221713936,2
JOKYEP,0,3.8081411704779646,3
JORVER,1,3.0523935574202157,1
JORVIV,26,4.1728928694783605,4
JORVOB,3,4.131582141372919,4
JUDMEA,0,2.455268242511096,2
JUKVIW,1,1.1333284464345175,2
JUKVOC,0,0.9371707767994333,2
JUKYOF,1,0.9151302526837539,2
JUKYOF01,1,0.9151302526837539,2
JUKYUL,10,2.0893829298584063,1
JULLEJ,2,0.9406111975499711,2
JULLIN,5,0.808245865045452,2
JULLOT,0,0.8948988502920696,2
JULLUZ,3,0.9147604841988577,2
JUMZAS,1,3.751602055613956,5
JUMZEW,2,1.5016980279563534,2
JUSXIE,0,2.0847844762294363,2
JUYWUV,0,1.9101456780470083,2
JUYXAC,1,0.41659988096601674,2
KACYIY,1,0.5427542615306962,1
KADFAY01,0,0.5161504668301657,1
KANNAQ,2,1.5573925814051992,2
KAPKAO,4,4.76245344136473,2
KAPTOL,17,3.5696844807990478,5
KAQCOU,1,0.5003794315421186,1
KARJOE,4,5.697094016544286,1
KATJAS,1,12.115244024145598,6
KATJEW,6,10.912858233602806,6
KATXAE10,0,1.5902111175864122,3
KAWGAQ,1,2.038297970980922,2
KAXWAJ01,1,2.8380455584625834,2
KAXWAJ02,1,1.8064684828248043,2
KAZMUW,1,4.354484763822459,4
KEDDEE,0,1.0137553646778308,2
KEGNIV,2,3.7661425130196347,2
KEGXUP,0,2.3283048334166727,2
KEHJEP,0,7.51121235551454,0
KEJXAB,1,4.540476337195482,2
KEKQUN,16,0.521257297323312,1
KEKROI,2,0.418897817156513,1
KENBUC,1,5.1576048610917855,2
KENRED,0,4.878978764022875,4
KEQKAU,3,0.8778750711049343,2
KEQLOH01,1,3.062957342406262,4
KEQSOR,1,2.933018817287954,1
KEWHIG,5,1.3554058072562056,2
KEWHUS,3,4.858600650551013,2
KIDHIR,0,4.793892378866616,1
KIGNUM,1,2.099050588263037,2
KIJBAH,1,6.535043496185844,2
KINHOG,7,4.334900081504084,1
KIPZAN,0,7.446088020853153,0
KIRRIM,0,4.444472133561953,6
KIRTUA,4,5.719024628152779,2
KITDUO,1,1.5206604205927836,2
KITFAW,2,1.0460169161494295,2
KITFEA,0,1.6098956801731092,2
KITFIE,1,1.6073069851141617,2
KITFOK,0,1.4452025318278547,2
KITFOK01,0,1.4452025318278547,2
KIXFED,1,1.0795643235818004,2
KOBHUH,1,3.476515779623679,2
KOBJAP,1,3.471406299910305,2
KOBJET,0,3.8591994446920928,2
KOBJIX,0,0.8243896336550303,2
KOBJOD,2,3.5112041391942896,2
KOBJUJ,1,3.5934059239387683,2
KOBNEV,10,4.82788341774504,2
KOBNEV01,10,4.82788341774504,2
KOBNIZ,3,4.846717892592181,2
KODFEO,8,1.2564682256356554,2
KODFIS,2,1.0155943892692805,2
KOHJAS,5,6.884433539015328,2
KOJMUR,0,2.177198349605551,3
KOMXAL,2,2.5836783596860005,6
KOVNIU,1,2.613268742216001,2
KOVNOA,2,3.6109236516027727,2
KOVNUG,1,3.5148807374109547,2
KOVPAO,0,3.6939851085064297,2
KOVPOC,2,2.121369088855317,2
KOVPUI,7,3.8919423257302115,2
KUGKIG,7,4.224545948370588,3
KUHHIG,0,1.0142489701281643,0
KUHHOM,11,2.2663087268754034,3
KUJGAX,1,1.4199567423179205,3
KUNNUE,0,4.7629500420312,2
KURKAL,14,0.6342125895550583,1
KURKEP,13,1.261591474133028,1
KURKIT,4,2.4108944392036715,1
KURKOZ,0,2.140216432044714,1
KUSWAY,1,1.5483101867909541,2
KUSWEC,2,1.5434346356937216,2
KUVVOO01,1,0.4994501113512193,2
KUWZEI,2,4.033294671103215,3
KUWZIM,6,3.97920980586867,3
KUWZOS,1,3.5303282857175913,2
KUXLIZ,1,1.9698914497896327,1
KUXTAA,3,1.7239926939805676,1
KUXTOO,0,1.5217658108713628,1
KUXTUU,1,1.318471965916601,2
KUYNIB,1,1.7109565759473608,1
LACTAL,2,7.336271318120584,2
LACZEW,12,6.535158093930168,2
LADTAL,1,0.534532504016985,1
LAHNUE,4,2.5673757512760433,2
LAJCIK,0,1.7576981170524824,0
LAJWUR,0,5.6896532175842935,2
LAJXAY,1,5.681443606669356,2
LAJXEC,0,5.841730128764015,2
LAJXIG,8,4.178478427883665,2
LAKGUB,1,1.0585366549880022,2
LALKUF,6,4.1948512216606595,2
LAMNIX,4,2.9224053417938154,2
LAPKUL,3,1.8057500976529237,1
LAQKIY,2,0.5195329289539399,1
LAQNEX,1,2.699098123104322,1
LARVUY,1,2.3504283939680697,2
LARVUY02,0,2.355105742061978,2
LASMUQ,1,0.2512346773481098,2
LATNIE,0,6.021473278806779,2
LAXRUZ,14,4.0315333027634175,4
LAXSAG,0,3.6881030282197504,4
LAXWEP,4,4.462614431387735,5
LAXWIT,3,4.177759036522902,5
LAYVUF,5,4.16220646810641,2
LAYWAM,4,4.233342875200972,2
LEBBIF,0,3.7027681418989347,3
LEBBOL,1,3.8946117481298095,3
LEBBUR,0,4.202468585508202,3
LEBYEZ,1,3.2479423408599524,2
LEBYID,1,4.229619280592948,2
LEBYOJ,2,4.545741353817116,2
LEBZAW,3,4.205009083398723,2
LECPUF,0,1.2349955602849003,3
LEFPEU,3,8.914361010720228,4
LEJNUL,18,5.603533309788267,4
LEJPAT,18,5.6252064794636,4
LEJPAT01,3,5.607397376933893,4
LEJPIB,3,5.618690744955188,4
LENPAW,0,0.9114447163991377,2
LENPEA,1,3.502309837001984,2
LENWAF,1,4.5155269272018135,2
LENWEJ,1,4.423528935888786,2
LENWIN,1,4.446129228454449,2
LENWOT,2,0.2714992414597095,3
LENWUZ,2,4.208226193152466,2
LENXAG,0,4.699639252886342,2
LENXEK,2,4.426684617755306,2
LEQXEL,0,1.9486843249172021,0
LEQXIP,2,2.0645463870592597,0
LEWLAB,0,1.245454738448735,1
LEWLEF,1,1.5200387744259056,3
LEWLIJ,0,1.1581499507613802,2
LEWLOP,1,1.2136634864222633,2
LEWMAC,0,1.2458801946506788,2
LEWMEG,0,0.34268478903165356,2
LEWMIK,3,1.2820184255091136,3
LEXSUE,2,2.283814599156051,2
LEXTAL,1,1.8423699017113315,3
LEXTEP,0,1.9241714138952974,3
LEXTIT,6,2.044792309544348,2
LEXTOZ,1,2.0095396169672513,2
LIBPER,0,2.8662053069915077,2
LICJUE,0,5.50073413355959,2
LIDTIC,0,1.7104426837873716,3
LIFMUL,0,3.829696484901406,2
LIFNAS,1,5.5337797696070385,2
LIFPUO,8,2.4112315671164186,2
LIFPUO01,5,2.4217018781766013,2
LIFQEZ,1,2.4454891062233957,2
LIJKAR,0,1.2651653106614011,2
LIJPAV,22,1.5557560375996893,2
LIKDIV,11,8.74213152343131,4
LIKDOB,3,9.870568496914641,4
LIKDUH,17,10.30949621293521,4
LIKWEH,1,1.1697117453745274,0
LIKZIQ,1,5.028407521320583,2
LILBEQ,0,0.2745697172860133,2
LILBOA,0,0.6693778429551225,2
LILBUG,3,3.1354825119223215,2
LILCAN,1,4.115466978317631,2
LIRRIN,0,1.139136329272692,2
LIRTEL,0,3.8717040298751004,2
LIRTIP,16,6.492286267132624,2
LIRTOV,77,7.9160895656309,2
LIRTUB,3,8.065339083828473,2
LISTOX,9,8.87562920998841,3
LISWAO,0,1.2454628177640998,2
LITJAZ,11,3.0097550829431046,3
LITJED,0,2.3812912054959807,4
LIVJEH,2,5.406106306896417,2
LIYQIV,1,0.5237361784314176,2
LODHES,0,1.0372119702430886,2
LODHIW,0,0.3781020525555432,2
LODHOC,2,0.3598231019688427,2
LOGMAX,11,4.772183213169377,2
LOGMEB,1,4.7877451238924476,2
LOJRUY,4,1.684583701544272,2
LOKHOK,1,1.9506931826988767,2
LOKHOK01,4,2.8359152962773626,2
LONCUM,0,0.8350253000157095,2
LONDAT,3,0.4624115785463543,2
LONKEF,1,3.6059432722060367,2
LONMAD,0,1.2519290908121348,2
LONMIL,1,2.26879836420937,2
LOTKEK,0,0.9861765612877087,1
LOTLIR,7,2.23748223615907,2
LOTLIR01,10,2.2659872294277843,2
LOTYUO,5,3.716938983991011,2
LOTYUO01,5,3.716938983991011,2
LOWPIY,4,2.8824701332875864,3
LOWPOE,3,3.415585555615334,3
LOYROI,0,4.340353282252398,3
LOYTEA,7,3.6166066915737436,3
LUCFAS,17,4.111388718567538,2
LUCRIL,4,7.762849893713792,2
LUJJEF,0,0.2739235506111317,2
LULMOU,1,3.6823880893372682,2
LUMHIL01,0,1.1310888503691312,2
LUMLOU,2,1.182543523245902,2
LUPJEM,3,6.129161305508596,2
LUXCOX,0,0.7741372021305533,2
LUXCUD,0,0.7295718924864238,2
LUXRUS,2,6.76446254335025,2
LUXVAB,0,5.560479635100826,6
LUXVEF,0,5.518062427834005,6
LUXVIJ,1,5.599403124392849,6
MAGJUC,2,5.347209971843652,4
MALFOW,2,0.8340014005775656,2
MALGUD,1,1.8877579712550578,3
MALHAK,9,1.8830465587579401,3
MALHEO,35,1.8838191161963045,3
MALNIX,0,1.3976025545930617,1
MALTAU,0,2.06113377432692,2
MAMMOE,4,1.9420681673614095,2
MAMNAR,10,1.980599877300468,2
MAMNEV,1,0.5873908152421929,0
MAMNIZ,0,0.8423447530648294,2
MAMVON,1,1.0687076446402997,1
MANCEM,0,2.15243083732876,0
MANCIQ,6,1.5013096627236315,0
MAVVAI,0,4.523554614250838,3
MAZSOV,8,1.6309991004568665,7
MAZSUB,0,3.55990391722424,4
MAZTAI,0,2.085046094876533,1
MEDLAL,0,4.842265397659489,1
MEDLEP,0,4.555548926626587,1
MEDLIT,3,4.535850596628695,1
MEDLOZ,2,4.514950665753799,1
MEDLUF,7,5.634785816346579,1
MEDMAM,0,4.623889779503834,1
MEDMIU,2,4.5619831141340335,1
MEDMOA,4,4.687820713919637,1
MEDMUG,0,4.5964735142194115,1
MEDNAN,0,4.64454794453394,1
MEGRUL,0,2.785936500227631,2
MEGRUL01,0,2.785936500227631,2
MEJHAN,0,5.93492726946554,2
MEJHER,16,6.507804550844131,2
MEKRUS,0,5.173870213248893,2
MENJEV,6,1.5159923473019075,2
MEQGAQ,5,2.4294599130742345,2
MEQGIY,0,9.090159470530361,1
MESGID,1,7.152198677754203,2
MESGOJ,2,6.910035378676852,2
MESKIE,4,2.501185930804152,5
METJAZ,0,2.7266403464132094,1
METJED,1,4.893844185418606,2
METSIQ,3,5.254016464070354,2
METSOW,3,3.511038845541532,2
METSUC,13,6.686365763817692,2
MEWMIM,4,1.6381214539582407,3
MEXJII,0,1.0714337359053112,2
MEXJOO,2,1.2169144115440096,2
MEXJUU,22,1.8833759593632062,2
MEXKAB,11,1.7794348783517928,2
MIGGER,13,8.027690465623097,2
MIGGIV,25,7.609544095088236,2
MIGHES,0,7.593476034252108,2
MIHFOB,2,3.2618897436437693,1
MILQEF,6,1.1794622436961886,2
MILTUX,1,3.574248307476649,1
MILVAF,0,0.9051186987682223,1
MILVEJ,1,2.853898971848238,1
MILVIN,1,3.3322126110929395,2
MILVOT,1,5.200484714225441,2
MIMDER,3,1.160625254115272,1
MIMDOB01,2,0.35827716922764363,2
MIMDUH,1,1.1759168031320901,2
MIPMOO,6,1.9850154793626733,0
MISWIV,0,0.560138050158574,2
MIWZIB,0,2.5699876136620143,2
MOCMIB01,11,5.082356682596545,2
MOHFIY,0,1.4876887206705889,2
MOJBOD,0,1.7056121884543782,2
MOLMUV,0,0.9017989051409461,2
MOLNAC,0,4.475708217429672,2
MOPGOP,1,1.1652136122052865,2
MOPJAC,1,1.100041186154697,0
MORVIA,0,5.38861800879922,2
MOTWAV,0,1.2918700870040438,0
MOTWID,3,1.9665501926900384,0
MOTWUP,0,5.279152755893749,4
MOTWUP01,5,5.238748303416797,4
MOTWUP02,8,5.093553791532987,4
MOTWUP03,6,5.178227933409156,4
MOTWUP04,5,5.157611041832599,4
MOTWUP05,8,5.093553791532987,4
MOTYUR,20,5.2889843062987545,4
MOTZEC,6,5.304576703298938,4
MOTZOM,21,5.269799087190464,4
MOVBAC,19,5.290536938560168,4
MOVBUW,19,5.323582281802045,4
MOVCEH,0,5.185277776984044,4
MOVDAE,1,1.9647376837874817,2
MOVSUL,35,0.5039989883540792,2
MOVYIH,2,1.3386012652135464,2
MOVYUT,1,1.4940710316437724,2
MOVZEE,0,1.7433005187469153,2
MOVZOO,0,4.667321923565966,2
MOWKEO,3,1.7589196877265034,2
MOXRAU,1,5.124481878111693,2
MUFDOH,0,4.974739010426202,2
MUJQIT,1,6.669422448606596,2
MUMZUR,0,5.181702226879224,2
MUNBAA,1,4.985105254654648,2
MUNBEE,2,5.345198521261331,2
MUNBII,0,5.083981800276376,2
MUNRES,2,0.973528538622666,0
MUNRIW,1,0.871751903620583,0
MUPQOF,2,1.9893317608488603,2
MUVNIB01,0,3.771952959179368,2
MUWKUM,1,6.32908133544889,2
MUWLAT,1,6.132427296494381,2
MUWPOL,0,5.629985404906863,2
MUXVIL,1,0.9714892582650196,3
MUXVOR,0,1.6410646956073123,2
MUXVUX,12,2.0867541424602583,3
MUXWAE,6,0.5480045207205699,1
MUXWEI,3,0.9422629768784776,2
MUXWIM,4,1.7882355845715892,3
MUXWOS,0,1.3082261364495262,3
NABJUW,6,1.6211342172534158,2
NABKAD,3,1.8050988253920703,2
NAFLEO,3,4.983130071831901,2
NAFLIS,3,6.4880485242445385,2
NAFQUI,0,1.945258588411669,2
NAFRAP,0,1.7561593130344892,2
NAFRET,1,1.543726205391406,2
NAFRIX,3,1.7788378218383287,3
NAFROD,3,2.1634926784143524,3
NAFSAQ,1,2.2172516708861196,2
NAFSEU,0,1.669657577540439,2
NAFSIY,0,1.808110077655504,3
NAFSOE,2,0.2790758161043545,2
NAHTIZ,1,4.524322465391609,2
NAHXIF,4,2.5684506430188083,2
NAKVON,0,0.9684450649326402,2
NALLOB,0,5.220808778322741,1
NAMPIC,2,1.4561442556007056,2
NAMPOI,0,1.4548277485308838,2
NAPMEZ,0,7.546427552636353,0
NAQMAU,0,1.65232543570961,2
NAQMEY,0,2.292068273413322,2
NAQMOI,1,1.7165429599012718,2
NAQMUO,0,1.676393285975485,2
NAQNAV,0,2.0060511426315384,2
NATFET,1,7.397608762934739,2
NATPIJ,0,0.5351891988627142,2
NATPOP,4,0.8021099800268563,2
NATPUV,1,1.6476987667619096,2
NATQAC,0,1.5040306107648598,2
NATQEG,0,0.31831194313804945,2
NAZXIW,6,1.7756181863910827,2
NEBDEE,70,5.533989883451186,2
NEBDII,0,4.003095479453789,2
NEBDII01,0,4.003095479453789,2
NECBOP,1,3.114488780202868,2
NEDPET,1,4.851338028089698,2
NEDPIX,0,6.244823115311055,2
NEGVAZ,2,2.60587010962604,2
NEGVAZ01,1,2.6642117249940913,2
NEHHUF,0,2.7130387519766637,2
NEMTUU,1,1.1133733399305368,3
NEMVIK,1,0.43359675953390475,2
NENDOZ,4,1.6026205810421401,2
NENDOZ01,2,0.6995859867532865,1
NENDUF,2,1.7274221169745663,2
NERYIS,0,5.188707715861748,4
NERYIV,1,3.5041373458720657,1
NERYOB,0,5.694092402364227,4
NESTEM,0,3.7753905123639444,2
NESTIQ,6,3.610169293774057,2
NESTUC,16,3.2210882448837634,2
NETKOM,3,3.074150608904084,2
NETKOM01,5,3.3075772339730873,2
NETKUS,2,3.2453388206240525,2
NETQIM,13,3.021517402826011,1
NEVFOM,1,1.284074854885111,0
NEVMUX,1,5.423576899085257,2
NEVWER,21,6.469695766678303,2
NEWPIP,0,2.421685925889536,2
NEWPOV,0,2.5534010891298315,2
NEWXAQ,0,0.8109426942898028,0
NEXQUC,0,3.448247661485892,0
NEYGUW,64,4.188298932150046,1
NEYHEH,94,8.029726378500202,1
NICJER,0,7.428854840412772,2
NICXOP,0,2.841170006212232,2
NICXUV,0,2.384734914377907,2
NICYEG,0,3.3129171425369406,2
NIKFOF,2,5.713702325463256,2
NIKFUL,2,4.962596106479742,5
NIKGAS,0,5.891460600990305,2
NIKGEW,5,5.616315132782207,2
NILQUV,2,6.191668372803072,2
NINSEJ,3,1.8326806862512592,2
NIPGOJ,2,4.78249759085398,2
NIQPEI,8,3.34883884054739,1
NODVIN,8,4.985843268897421,4
NODVOT,5,5.42301347581062,4
NODWEK,8,5.955189143504153,4
NOGSAF,4,5.82220997371531,2
NOLSEO,12,5.670080735499845,4
NOLSIS,3,5.817889129296352,4
NOLSOY,0,5.874499393498233,4
NOLSUE,0,5.667888122379976,4
NONACT01,3,4.099375462011437,2
NOQZUP02,1,4.5805172233089735,3
NORWEY,18,0.3545628172208177,2
NORWIC,19,2.496951408244264,2
NORWOI,33,2.5044148485847146,2
NUGZIA,0,3.9423076770275522,2
NUGZOG,9,3.893632855848787,2
NUQVAY,0,4.103549412942373,2
NUTTED,10,2.85305105961817,3
NUXHOF,17,4.39304600511371,2
NUXHUL,8,4.348500177560492,2
NUXJAT,1,4.227631622245763,2
NUXJEX,0,4.23807422982304,2
NUYSEH,26,4.925433700715194,4
OBIPUK,6,7.870725852745268,2
OBUQAF,0,3.3408620763994485,2
OCACAY,0,1.7438770173033196,1
OCIQEY,10,1.0204084948881018,2
OCUXAO,3,3.705297211960779,3
OCUXUI,1,3.877160086761886,3
OCUYAP,2,3.947170501063496,3
OCUYET,3,3.8606560259974816,3
OFAXID,2,6.618188120739859,2
OFOHIC,1,4.935306942690707,2
OFOHOI,2,4.983839216137383,2
OFOLOL,20,4.038441532247237,2
OFOLUR,0,4.029810897565147,2
OFOMAY,5,4.0814864292196855,2
OFOQAE,29,5.7460415962583795,4
OFOQEI,3,5.769354764725774,4
OFOQIM,1,5.365769979579978,4
OFOQOS,1,5.972156121168089,4
OGAYOL,1,3.9490896840080656,3
OGILEX,2,1.462042787255338,2
OGIZEJ,0,0.9386603084597911,0
OGIZIN,1,2.324622189651106,2
OHACIL,2,5.304287219045635,2
OHACOR,1,4.718784908956467,2
OHEXII,3,5.14876063959011,7
OHOJIG,1,1.5732994228132529,2
OHUXOE,1,0.8855267742080857,2
OKAQAT,3,6.722578820288305,2
OKEVUV,0,0.4934277157388527,0
OKONIN,16,0.9993547465014969,0
OKUMEM,1,0.6869192182302926,1
OLEBOW,1,7.824123893267144,1
OLEGOB,0,1.2680443864812365,2
OLEGUH,27,2.579746183933293,2
OLEHAO,0,1.2709246657294822,2
OLEHES,0,1.783712207338533,2
OLODAV,1,4.827926686850384,2
OLODEZ,1,4.910758755978547,2
OLODID,0,2.616915172811661,0
OLODOJ,1,4.763734383969096,2
OLODUP,1,4.696724382734706,3
OLOXAP,7,4.819975201635707,2
OMAGIU,3,5.883613283731309,2
OMAGOA,2,5.63315977596803,2
OQIWAN,98,8.031816967401078,2
ORADUI,0,5.810509060843424,1
OREWIT,0,4.499148687910708,2
OREWOZ,0,7.163941721595302,3
ORUVEE,0,0.6530869757863242,2
OTOGAG,0,0.5473846202705435,0
OTOGEK,0,0.7097433521307095,0
OTOGIO,1,0.7948663225401273,0
OVENEK,144,5.476379048172014,4
OVENIO,5,4.615052818294563,4
OVENOU,20,5.389157103953831,4
OVOROI,36,5.69745587271883,2
OVUVOS,2,1.3351770286846256,3
OWILOX,1,4.369713364027799,2
OWIMAK,1,4.097637815972499,3
OWIMIS,3,2.9275685020604008,3
OWIMUE,2,1.0426626276109006,4
OWUNEB,3,12.458097891844815,2
OYAWOC,9,6.3037921126396785,2
OYAWUI,1,5.555929913138552,2
OZEBUR,4,5.541661967188537,4
OZECAY,1,5.656818438636018,4
OZECAY01,0,5.796378908090851,4
OZECAY02,2,5.689014678745419,4
OZECAY03,5,5.741973634754256,4
OZECAY04,5,5.741973634754256,4
OZECIG,6,5.921778643739611,4
PACHUX,6,6.390775155129859,2
PACTCN11,0,0.3773201720636221,0
PACZUP,99,3.5222287201073885,3
PADBEC,0,3.7997107762113242,3
PAFXOL,0,2.3738729265693244,2
PAFXOL01,0,2.3738729265693244,2
PAFXUR,0,4.989580576569423,2
PAFYAY,6,1.1845957094137338,1
PAFYEC,1,5.7079283253884565,2
PAFYIG,0,3.8714942548504294,2
PAHWIG,3,1.5930258895723495,2
PAHWOM,2,1.7556810769704065,2
PAHWUS,3,1.4658472544172052,2
PAHXAZ,6,7.659566120612432,2
PAHXAZ01,6,7.277184103271358,2
PAHXAZ02,6,7.659566120612432,2
PAHXED,1,1.7704634269172064,2
PAHXIH,7,2.0932891438669556,2
PAHXON,5,3.244892268127884,2
PAHXUT,0,1.7424241400056202,2
PAHYAA,1,1.697199118018197,2
PAHYEE,1,1.6948659076052572,2
PAHYII,1,1.230335797730561,2
PAJDEL,3,6.114583477333772,2
PAJDUZ,0,4.278573882936579,3
PALWAA,0,2.8830049873154535,4
PAPNID,3,1.721235182844803,3
PAPNOJ,1,0.8048456009153195,2
PAPNUP,0,0.8694171625024985,2
PAPPAX,0,1.701335640474483,2
PAPPEB,0,2.539124860061414,2
PAPPIF,0,3.6252739522893953,2
PAPZIR,15,3.925597048515556,0
PAPZUD,6,0.7252669265047662,0
PAQBAM,6,2.0912342624428257,0
PAQBOA,0,2.2721517726139018,0
PAQFES,1,5.44371758427344,6
PAQFIW,1,5.196614523406538,6
PARNAZ,0,1.1245186917078303,2
PARQIK,0,5.600444526795263,0
PAWSIS,0,6.315674128040262,2
PAZDUR,3,7.789132580026283,2
PAZFAZ,0,4.961044898782227,2
PEJTII,13,4.570649936909003,3
PEJTOO,0,3.601793684667816,2
PELSAD,2,5.628756809503237,6
PELSEH,1,5.583908948352542,4
PELSIL,1,5.753577138705701,3
PELSOR,1,5.494754966838524,4
PEPMON,0,4.942422310373752,4
PIFHIY,6,10.178955077466167,6
PIFJAS,0,2.2323796831616307,3
PIFJEW,0,0.47261087587484285,0
PIFJOG,0,2.0965854891130147,3
PIFJUM,0,1.799278103257532,3
PIFKAT,1,8.033056759246964,4
PIFKEX,0,7.104907744116813,6
PIFKIB,3,14.17741935566962,6
PIFTOQ,0,2.7758695342377817,3
PIFTUW,3,7.39945464661233,4
PIFVAE,1,6.939590848576248,4
PIFVEI,0,0.36847464545983444,0
PIFVIM,5,7.662044879754047,4
PIFVOS,5,10.886396947448837,4
PIFVUY,1,2.4285116694871234,3
PIFWAF,1,7.154879842004853,6
PIJTOT,0,5.167356908138316,2
PILPOP,3,3.6106929741055827,2
PINHEB,0,1.2627441616042994,2
PINHIF,0,1.2913895231668087,2
PINHOL,3,2.020791793161736,2
PINHUR,7,1.82492125057273,2
PINJAZ,1,2.7218239099549915,2
PINJAZ01,1,2.740730427467461,2
PINJON,0,2.0517019501338614,2
PINKAA,0,1.4126836299222099,2
PIQHIJ,11,3.6280641453041,2
PIQHOP,5,4.286393231430793,2
PIQHUV,0,4.006990243922614,2
PIQJAD,1,3.8594866635303924,2
PITSAN,6,3.8918519796106703,2
PITSER,3,3.581031597835407,2
POBHEU,0,7.3769329063237645,2
POBHIY,7,6.945177024896218,2
POBHOE,24,7.117866409072304,2
POKREO,6,4.750565663247718,2
POPTIX,1,2.4646017146869856,2
PORBAZ,7,4.855314781314979,3
PORBAZ01,7,4.60819306178888,3
PORWEZ,1,0.40959631622828363,2
POTBEG,0,2.232186281123545,1
POTRAS,1,3.0904574226291683,2
POTREW,2,3.047238563050444,2
POTROG,1,2.8137430769269467,2
POTRUM,0,3.385153404185593,2
POWNIA,0,2.6319528437812596,2
POWSAX,8,5.361741469067416,2
POYWEG,0,3.6287431971954054,2
POZZAG,13,8.91996837245742,3
POZZEK,0,10.661210629021374,3
PUBYAM,3,3.2797210810621498,4
PUBYIU,2,4.524700861887375,4
PUBYOA,2,4.350476072330821,4
PUDWOB,8,5.669364855621431,4
PUDWOB01,8,5.669364855621431,4
PUDWUH,3,5.242556602248673,4
PUDWUH02,3,5.242556602248673,4
PUDXAO,1,5.5978018378866565,4
PUDXES,1,5.397020177310035,4
PUDXES01,0,5.444547416346422,4
PUDXES02,1,5.300252535162903,4
PUDXES03,1,5.255555774426558,4
PUDXES04,0,5.068987523573025,4
PUNMUH,5,5.069058237948166,2
PUNNAO,1,5.227683214245843,2
PUNNES,0,4.828166868763873,2
PUNNIW,2,4.971095962521993,2
PUTREC,0,2.3002189503118795,3
PUXGUK,1,1.9666393288626067,3
PUZBOC,3,1.79560683458523,1
PUZBUI,7,1.6748205690290443,3
PUZCAP,6,1.17799749684233,2
PUZCET,0,1.2978844275555361,2
PUZGUM,3,3.135029642384842,2
PUZHAT,6,3.3765751638194232,2
PUZKOL,2,5.8786036739680725,4
PUZLAY,2,5.785756514795644,4
QABPOA,2,4.918394348899104,2
QABPUG,7,5.202854248281348,2
QABQAN,1,5.074141941868904,2
QADFAE,1,5.339551658980481,3
QAFBAC,2,5.353467448684784,2
QAFBOQ,3,5.019385957035233,1
QAFQEV,0,4.064190978527719,2
QAFWUS,5,1.7046962452746564,3
QAGJUG01,8,9.813863861878088,4
QAHLUJ,1,5.024905854503208,2
QAHMAQ,3,4.582835137510973,2
QAHMEU,2,3.7981836086264873,2
QAHMIY,1,4.382327820920395,2
QAHMOE,2,5.053023639748638,2
QAJHUH,1,5.026814491284272,1
QAJJAP,1,4.535831277969654,2
QAJJET,0,4.8999061317751895,2
QAJJIX,1,6.456623876272742,1
QAKGOB,3,1.8017210687336305,3
QAKVED01,0,2.018518186278333,0
QANFAP,5,1.5586116583802307,3
QANFET,1,1.4821029462885593,2
QAPGIY,0,0.7982588117250642,2
QAPHAR,3,4.090877273545466,2
QAPHUK,1,1.913793347625798,3
QARTIP,2,1.3706261637075792,2
QAVSUC,1,10.453458414425688,2
QAWLUW,1,0.39014365957311936,2
QEBVIC,5,0.6715254190219544,1
QEDDOV,3,0.5400265588436288,2
QEJVOT,1,5.0571033611501,2
QEKBUE,2,5.206884926221498,2
QEKNAW,0,1.736325676640845,2
QEKNEA,1,1.112052333676412,1
QEMNOM,0,0.5998065758010407,0
QEMNUS,1,1.1539695873940041,2
QESSEP,0,5.012437879252911,2
QETVIX,0,6.318012133134511,2
QETWAN,1,0.4532875624240069,1
QEVBEZ,0,4.722498885887541,1
QEVBUP,0,1.9658865470188602,2
QEXXIC,0,5.511871028355996,2
QEYVEV,0,2.900563443084494,1
QEYVIZ,0,4.522764214302862,2
QEZGIO,0,4.220196456447458,2
QIBMOD,2,2.0086851511832164,4
QIDHET,0,2.449485456520072,6
QIDHOD,4,2.1682550304907005,2
QIDHUJ,0,3.7109834889076017,4
QIDJAR,5,3.146561974745924,3
QIGKOJ,0,7.975292665240477,2
QIGKUP,1,4.424309971429496,2
QIGMIC,0,0.6393987504677292,2
QIGMOI,15,0.35696841365969867,2
QIJBEQ,0,0.9448525970150334,3
QIJJAX,1,1.9048717032126259,2
QIKPUV,2,0.8403477950385221,2
QIMHOM,1,1.2472054479451429,2
QIPDEB,3,2.083221638216997,2
QIPWIX,6,2.703243294354864,2
QIPZAQ,4,2.960452240757778,2
QIPZEU,0,3.501320251834779,2
QIPZOE,1,5.052073865546001,2
QIPZUK,9,3.9070395251963066,2
QIQWOF,7,2.5549567351981466,2
QIRFAY,1,1.34220283019279,2
QIRFEC,1,1.096853806532149,2
QISMOW,2,2.190964684178648,1
QITLIO,3,0.41621030953290816,0
QIXPES,24,3.9803048694932257,3
QIXPIW,25,4.269594430336374,3
QIXTUN,0,2.0595679982754116,2
QIYFIN,1,1.0495994261393164,2
QIYFOT,0,3.5520225038256075,2
QIYFUZ,1,0.9756444446530752,2
QOBQIH,2,2.0683189048539155,2
QOBQIH01,2,2.0683189048539155,2
QOBQIH02,2,2.0683189048539155,2
QOGFUP,3,1.531586021473332,2
QOGGAW,3,1.8780516622902295,1
QOGGEA,0,1.3854831442546804,1
QOGKIH,2,5.014122571229365,2
QOGKON,1,4.89316019398392,2
QOGKUT,1,5.203649124018751,2
QOHSIQ,1,0.6425759195174026,2
QOHSUC,1,0.7707972749278382,2
QOHTAJ,9,0.9043067595779184,2
QONFAB,1,2.230882671447156,2
QOPCEF,50,3.6293145440885497,2
QOPCIH,6,0.6305791752253556,1
QOPGIN,1,3.530179210106063,2
QOPGOT,3,3.67520172193452,2
QOPQOC,1,3.429030488616158,3
QOPQUI,6,3.754074492937535,3
QOPZOM,0,3.5460063881791695,2
QOPZUS,0,0.7339370759014696,2
QOQDIJ,0,1.0350379799329632,2
QOQDIJ01,0,1.0350379799329632,2
QOQDOP,0,1.1815922875578675,2
QOQDUV,0,1.107141410758052,2
QORGOT,1,0.3959649133657468,3
QOSDIL,1,4.893298709698172,2
QOTDUA,2,7.66362010108274,2
QOTFAI,17,7.97658138458122,2
QOVFIS,0,1.51579993337077,2
QOVFOY,1,1.442571716025927,2
QOVFUE,3,1.529541155513836,2
QOVJOB,5,4.66702047361345,3
QOXVUU,1,4.318465149010471,1
QOZTOQ,1,1.7320635314067045,2
QUBDEX,3,1.394720342620166,3
QUCZUL,13,5.481164879365332,2
QUDBAU,5,4.923657335078637,2
QUDHOM,1,1.3154974860696589,1
QUDTIT,0,3.555269727308078,2
QUDTOZ,0,3.5259691706495118,2
QUDTUF,0,2.6478093985165496,2
QUDVAN,0,1.772893625956046,2
QUFYIB,5,18.852715392952604,12
QUFYOH,0,11.89787196517518,8
QULNOB,0,1.5203517560677926,3
QUMGIO,1,1.2828536560964015,2
QUMNOB,0,1.7460991379738116,2
QUMZII,2,2.1770050352256978,1
QUNZOQ,11,2.6997976575050786,2
QUPMIY,0,0.8109647801930611,2
QUPMOE,0,1.75041285647037,2
QUPMUK,0,1.7314499599116133,2
QUPNAR,0,1.7171593961616987,2
QUPNEV,0,1.4248196590966837,2
QUPNIZ,2,1.4702864073905606,2
QUPNOF,0,1.4319212494289757,2
QUPNUL,1,1.8316082880767706,2
QUQKET,1,4.33908611864234,3
QUQSAX,10,2.2082988934825334,0
QUQSUR,17,2.2387938163985073,0
RABZIE,27,3.484988947628493,2
RADQET,1,1.6136456122940892,2
RAFNIY,0,2.0020816188421784,2
RAGXAY,1,5.301777231080461,6
RAGXEC,1,5.137272045615921,6
RAGXIG,0,4.84227556104873,4
RAGXOM,1,5.081704376231324,7
RALNAT,0,2.4293920782356433,2
RALQAW,0,4.12740296706407,2
RALQEA,1,0.8520105250790952,0
RALQIE,1,0.6439023239992285,0
RAMPEB,0,0.7103345766168747,3
RAMPIF,12,4.023853413981268,3
RAMPOL,2,3.4686088870658733,3
RAMPUR,8,3.413665926527021,3
RAMQAY,11,4.409066341005843,3
RAPBUF,1,0.6877565053048706,2
RAPRIJ,3,3.1358529405744187,3
RAPXOV,1,4.332982801420465,2
RAPZAJ,4,4.288121614975729,2
RAPZIR,0,0.649729135819936,2
RAQDIW,0,1.2426667539563208,2
RAQDIW01,1,1.7801937734648114,2
RAQDOC,0,0.8034988392578382,2
RASJIH,16,5.890885433827055,2
RASJON,3,5.718614580517023,2
RASJUT,14,5.930794388676102,2
REDMET,12,7.7116186111530105,2
REDMIX,49,7.93397569356312,2
REFMUM,0,0.25503286763193866,2
REFNAT,11,3.76378896887829,2
REFNUL,1,3.9472351277158517,1
REFPAT,7,2.6216259761307357,2
REFPEX,5,2.540117922008094,1
REFPIB,5,3.6459650827824297,2
REFVON,6,5.23678631267328,3
REFVUT,5,2.089486754011571,3
REFVUT01,3,2.094536385686672,3
REFWAA,1,1.3317309350333315,2
REFWEE,1,4.592571955551914,3
REFWII,2,1.8010434646749247,3
REFXOQ,1,5.104027017263967,5
REFYIM,1,3.576797423111856,3
REFYOS,12,4.280498556119838,3
REGDUF,12,6.603726275324739,2
REHCIT,144,6.53226548398867,2
REHTEF,1,5.3158491307285285,2
RELLIF,3,1.4533599898293166,2
RELLOL,1,1.2406211127669913,2
RELLUR,4,0.7456729854378592,1
RELMAY,7,1.0138702078746245,2
RELNUR,0,1.1651830320953076,2
RELPAZ,1,1.1108727800940996,2
RELZEQ,20,4.763073136268536,3
RELZIU,1,4.913033240546763,3
RELZOA,28,4.79231335007608,3
RELZUG,4,5.471386274246065,3
REMBAP,0,2.1448900012464844,3
REMBET,2,4.677949402085883,3
RENYEQ,1,1.151107388717826,3
RENYIU,1,1.8171720797883029,3
RENYOA,9,1.6729179915293506,3
RENYUG,0,0.46874568106716197,2
REQXES,3,11.389711448855037,3
RERYEV,0,5.1426142829839705,2
RESZUN,36,5.1935644764566575,2
RETQEM,1,3.619582178583299,2
REVZUP,0,5.042298443634925,2
REWKIQ,0,0.6412362594323713,2
REXCUT,7,0.5038424596636166,1
REXDAA,0,1.4854683007794383,2
REXDEE,1,1.519780101666543,2
REXDII,5,0.974078398206192,0
REXDOO,3,1.4433928454260796,2
REYMAL,1,13.756998904325235,6
RICCIR,11,0.8322531176620447,0
RICPAV,2,0.9754938732256471,0
RIGWUZ,3,3.799482896268668,2
RIKHEB,0,3.586810244072361,2
RIKHIF,1,9.50132056975701,2
RIKHOL,3,9.55792753990335,2
RIPJUX,3,3.98910891150321,2
RIRVIZ,3,4.799453804669206,2
RIRVOF,8,5.007102119306117,2
RIRVUL,0,4.6920971463549535,3
RIRWAS,0,4.841252889703524,2
RIRXAT,1,4.931265421501362,2
RIWXAZ,0,2.903813325534875,0
RIYBOQ,5,0.9526110162156898,2
RIYBUW,3,1.3645358958588996,2
RIZQEY,1,2.3291486795116563,2
ROFBIZ,2,4.045112636292959,2
ROFYIV,4,1.916710153631879,2
ROJZUN,1,3.9319074129194926,2
ROKBAW,9,3.9518381411293118,2
ROKBEA,1,6.956487440738209,2
ROKBIE,8,3.974254822838294,2
ROKBOK,1,4.261065044445047,2
ROKFUT,5,4.867911524536625,2
ROKGAA,1,5.227478224900931,2
ROKGEE,18,5.126515686605188,2
ROKGII,1,5.165245651470128,2
ROKRAK,0,1.5823885565878824,2
ROLGOO,0,1.8773366461074619,2
RONCIH,1,5.162589014970608,2
RONXUN,11,3.1758924643005617,2
ROXTIJ,0,4.049753124541507,2
ROXTOP,1,4.343490356656375,2
ROZLUO,0,5.06286490579742,2
ROZMAV,1,4.8088156421128705,2
RUGFAA,4,4.302113542170394,2
RUGFEE,1,4.360347867346199,2
RUJKIS,0,2.8654217956193606,2
RUKPEU,1,4.965380830213668,2
RURZUB,5,10.498443727283826,3
RUSPOK,1,1.6071635251359333,2
SABXUP,0,0.9246298522156109,2
SAGFEN,1,1.4874746557445184,2
SAGGOY,1,4.116382971765461,3
SANDES,9,2.512078075513673,3
SANHAS,1,3.4649285843353392,3
SANNUT,1,4.898501908713639,2
SAQNIH,1,4.42825806848212,2
SAQNON,0,5.997473224937847,2
SAQPAB,0,5.2251803489731525,2
SAQPEF,0,3.4725214541950002,2
SAQYAM,0,5.628334317687541,4
SARNUW,0,5.269004576571666,4
SARPAE,4,5.472334974377512,4
SATJAA,3,7.052498938635605,3
SATJEE,4,8.191141191603453,3
SATNUX,12,2.973824283720568,2
SAVYAS,1,4.149224081344693,3
SAXCUS,0,0.633367002408932,2
SAYXUN,10,4.392325234832809,3
SECTUP,4,4.107002688759001,2
SEFTAZ,2,2.394545334922904,1
SEFTIH,0,0.914560370030578,2
SEFXUY,0,3.120675490416573,2
SEGTIJ,1,4.006906396540243,2
SEGTUV,1,4.028086366538565,2
SEHCOX,16,0.9357781309009421,0
SEHGEU,0,1.7285781883726448,2
SEKMUT,4,0.36605707387138064,2
SEKTIL,7,1.1758467327680164,0
SEKTIL10,7,1.1758467327680164,0
SEMCAR,4,5.572294989327043,2
SEMCEV,2,5.864921074328331,1
SEMCIZ,0,9.504483278735073,2
SEMCOF,1,3.2020105724327528,2
SEMDAS,0,5.78890790515795,2
SENNOR,1,5.409571726253219,4
SENNUX,1,4.811715398611913,4
SENPAF,0,4.6575636356272,5
SENPIN,0,4.858905711736227,5
SENPOT,0,4.956806789253097,4
SENPUZ,4,4.736412427104385,4
SENQAG,4,4.72516007685868,4
SENQEK,1,4.712615640919029,5
SENQIO,0,4.747997566788284,4
SENQOU,3,5.651043186140109,4
SENQUA,5,4.963540060376642,4
SENRAH,0,4.581369926364125,4
SENREL,2,4.891715752598518,4
SEQNEK,0,2.334801158201223,4
SEQNEK01,0,2.334801158201223,4
SESKAE,1,2.318070938653936,2
SESKEI,0,2.8206405197987245,4
SETBOL,7,5.100036797427354,1
SETNEM,1,1.5428954366166248,1
SEZKIU,7,5.653629699010029,2
SEZWOM,1,4.902969813273101,2
SIFXIR,3,3.3708186432414995,1
SIFXOX,4,3.349123718029586,3
SIQTOD,7,4.943279203086524,2
SIRCII,0,3.663077791501762,2
SIRCOO,6,6.464912208344664,2
SIRCUU,0,3.8125998785895905,2
SIRDAB,6,3.8192929170961105,2
SIRDEF,2,3.7449624870843965,2
SIRNEN,2,2.4974330169568115,2
SIRNIR,5,1.8621199502867882,0
SIRZAU,19,5.2793084358279625,3
SISCEF,0,3.8866521621446233,2
SIVMEP,6,3.982035918686512,1
SIVMEP10,3,4.186858129165984,1
SIVMIT,3,1.5141212933037007,2
SIVMOZ,3,1.314669083083988,2
SIZHAM,0,1.9318245211318712,2
SOBGOG,13,1.591846497383128,0
SODPUY,5,4.119502061149181,2
SODQAF,1,4.2446772479388315,2
SOGSIS,0,2.518955872061062,2
SOGSOY,7,3.0520334103538764,2
SOMSIW,1,1.0779213921009663,2
SOPTAU,0,4.409689595172081,3
SOPXEA01,3,1.2456089680118532,2
SOVJUJ,11,5.476414802965575,2
SOVKAQ,16,5.233060854780913,2
SOVKEU,8,5.251902969867391,2
SULJOA,0,3.6932864078829444,2
SUMLER,0,1.2512937883020965,2
SUMLER01,1,1.2302451830110734,2
SUMMIW,0,0.39492679507592987,2
SUMMOC,3,3.9040237903744788,2
SUNBAE,0,1.7761446009869237,2
SUPSON,2,5.10234879406641,2
SUPSUT,0,5.355989351270921,2
SUPTAA,6,4.557557923184396,2
SUPTEE,5,4.595821388766598,2
SUPTII,7,4.986911141828379,2
SUPTOO,0,5.8833403294636195,2
SUQFAM,16,7.682356547664973,2
SUXJIG,0,1.2004144602085143,4
SUYTOV,2,1.101142961168586,2
SUYTUB,0,1.6664205062063,2
SUYVAJ,9,2.484817013075181,3
SUYVIR,0,3.7658995950961374,3
TACXUS,52,1.185446857372987,2
TADCEI,1,5.370547531368835,2
TADCIM,0,5.321082878029586,2
TAFYOO,3,0.9996897449988071,1
TAGYAC,1,0.4856127812191624,2
TAJCIR,1,1.1242814376273427,2
TALYAI,4,5.334336708905585,2
TAMFAQ,2,1.1478905294303918,1
TAMFEU,0,1.5897994085447231,2
TAMFIY,18,1.8884188315436545,2
TAMSAE,1,3.029300309469624,2
TAPKEC,0,4.418845750904603,2
TARNIK,1,1.2454129079295093,2
TASQAI,1,4.025073826060996,2
TASQEM,1,5.048379893895097,2
TASQIQ,1,4.99296198506406,2
TASQOW,1,6.680218638971386,2
TASWUH,7,7.088266420082032,2
TASXAO,1,0.825678361546371,2
TASXES,2,7.522787654540647,2
TATVER,1,9.659300438332023,4
TATZAQ,1,2.835030296925044,2
TATZEU,2,0.3987749320416021,2
TAVLOU,1,4.216381526556155,2
TAYMOY,0,0.9703714729605868,2
TAYRAP,0,3.9813191912423025,2
TAZFIM,1,2.659876766164293,2
TAZGOT,9,0.395286962785494,2
TAZHAG,0,3.176225428583894,2
TAZJIP,3,1.1810159490433105,2
TAZNIS,1,1.263495481763187,2
TEBTIE01,1,3.9360770699762804,2
TECCEK,5,1.5163098829295172,2
TECVUU,4,4.593786152655916,3
TEDVUW,2,3.8721756419118623,2
TEMXAN,3,0.5732912169920534,2
TEMXER,7,0.432875900344901,2
TEMXIV,7,2.356621683011317,2
TEMXOB,1,2.1028315698748723,2
TEMXUH,35,2.0421289952566064,2
TENLED,2,2.089329072093426,2
TENLIH,1,1.8463198358223587,3
TENLON,1,3.6032017683415325,2
TENLUT,1,4.754302717555824,8
TENMAA,1,3.9602454351928977,2
TEQJEG,0,2.517105710499492,0
TEQTER,1,5.210268648719831,2
TEQTIV,4,5.170917898298304,2
THYMEA10,0,1.4782936923466576,4
THYMEA20,0,1.4782936896391585,4
TIDZAH,0,0.5049000462635767,2
TIFQOO,10,3.344625694059489,1
TIFQOO01,10,3.344625694059489,1
TIFQOO02,27,3.353478882273597,1
TIFQOO03,2,3.3265193420864247,1
TIGJEY,0,0.4543193612871326,2
TIGJIC,0,0.7520782977085845,2
TIGZOZ,0,1.2635525708136712,2
TIHCAR,1,4.054376190486376,2
TIHCEV,1,4.022512157160596,2
TIHCIZ,1,4.422079982965412,3
TIHCOF,1,3.8335165611793722,2
TIHDAS,0,4.480406732263001,2
TIHDEW,1,3.9564668220394457,6
TIHDIA,1,3.961703763397813,6
TIHDOG,0,4.503340906273518,2
TIHDUM,2,4.427474297476531,3
TIHFAU,0,4.828535274036623,2
TIHFEY,1,4.6141352748889926,2
TIHFIC,0,4.42876716463466,3
TIHFOI,0,3.9202885412339747,3
TIHFUO,0,4.51186855465037,3
TIHGAV,1,3.864577626809028,2
TIHNIH,0,6.7788050383168486,2
TIJDOH,3,5.648541153136232,2
TIJDUN,3,3.6806967471401655,2
TIJFAV,0,3.605244506532609,2
TIKREN,0,4.779949284868096,1
TIKRIR,1,4.580860027622936,2
TIMCAV,2,0.330845906195973,1
TIMCEZ,0,1.1205893268022566,2
TIMCID,0,1.3260532741555724,2
TIMCOJ,0,1.2334726323408263,3
TIQKEK,2,2.1970913262716247,2
TIQKIO,0,2.1166302415007707,2
TIQKOU,0,2.491328408028241,2
TIQTUK,7,4.164713101291083,2
TIRQAP,0,1.6884518669901207,1
TIRQET,2,8.274994230061004,2
TIRQOD,0,1.9207440694646585,3
TIRQUJ,2,6.5502901122558,2
TIRRAQ,0,1.5514777020633743,2
TIRREU,5,4.01331587492416,2
TIRRIY,1,4.600010993052297,4
TIRROE,0,4.755775794719286,4
TISKUB,8,0.9568917527781577,3
TISLAI,1,2.741993700685837,3
TISPAM,1,5.0530100216445035,2
TISSAQ,3,3.24246552784547,3
TISSEU,1,3.815147901079902,3
TITLUD,5,0.5570430474334982,3
TIVREV,0,3.2580448589682933,2
TIVREV01,0,3.2580448589682933,2
TIVTAV,11,1.0120419079861152,2
TIVTEZ,4,1.1166834434591624,2
TIVTOH,0,1.125099639239704,2
TIVTOJ,0,1.1658358174857244,2
TIWLUG,3,1.5162984753730773,3
TOBGIC,2,1.026856258567976,0
TOBGOI,9,1.144084403336826,2
TOBGUO,35,1.9868602527634418,2
TOCNAC,13,2.7292479983048463,2
TOKSUH,2,1.1857275266972351,1
TOSCOV,0,2.8607793805442605,2
TOSCUB,14,2.9604046820640986,2
TOSDAI,1,2.921788639632528,2
TOSDEM,1,3.0396888677660105,2
TOSDIQ,4,2.870229774399617,2
TOSDOW,4,2.5342827608562772,2
TOSLES,1,0.47549174663231764,0
TOSLIW,0,0.3038043884125279,0
TOSLOC,1,0.30295292117292716,0
TOVWUY,3,9.428471139233173,4
TUCKUX,1,5.9172069258646705,6
TUCLAE,0,5.622453175984617,6
TUGJEL,9,2.759781257823207,2
TUGJIP,0,4.782427820471611,2
TUGQET,1,2.576896935551877,0
TUGQIX,1,1.3676120107756482,0
TUGXAV,6,1.6027811075926333,2
TUNWOQ,0,5.670000180429967,5
TURXUB,6,3.480474783267088,2
TURYAI,1,5.314419961475592,2
TURYEM,0,4.178365719962985,2
TUSHUL,0,6.47771456497445,2
TUTPOP,4,5.251266551383425,2
TUXMIK,2,2.594705584072936,2
TUXNOR,4,0.3102741188433007,2
TUXNUX,5,0.7879453704604074,1
TUZWIU,0,1.2836845601733806,1
UBIGUH,0,1.4066790211576246,2
UBIHES,7,4.039124268192371,2
UCAZEF,8,3.7696376349559704,2
UCEJIY,0,1.3123035379875843,2
UCEZAF,0,2.973083944798917,1
UCIJAT,2,0.9269387120344201,2
UCIJEX,7,2.526531240151636,1
UDOXAN01,0,0.43422623529724635,2
UDOXER,0,0.2891256023743174,2
UDOXIV,5,3.6478711812117575,3
UDOXOB,35,3.776774894377662,3
UDOXUH,1,1.0746559873651846,2
UDUBOL,1,2.890070511441849,2
UGAKOC,0,0.7498504809485014,2
UGUKUE,23,3.857092329485456,2
UGUMIU,0,3.542633982806706,2
UGUMOA,0,0.47262823595780823,2
UHERIJ,0,1.4933238813044691,3
UHEROP,0,1.7099352317511767,3
UHERUV,1,1.4842767567430157,3
UHESAC,8,1.4635541069189375,3
UHUQOE,8,3.985961768715686,2
UHUQOE01,8,3.985961768715686,2
UHUSOF,2,0.7054025866777973,2
UHUSUL,2,1.3961751479168414,2
UJEFEV,4,6.155451524116653,2
UJUSUN01,1,3.7866631315606827,2
UKAGOC,3,7.103457080863006,2
UKAGOC01,3,7.103457080863006,2
UKUNEV,0,1.5309259554192582,2
UKUQIA,1,4.782271976907596,2
ULILEH,0,2.104709153690194,3
UMIROY,3,4.851549128140936,2
UMIRUE,0,4.932398517419683,2
UMISAL,2,4.66492361130563,2
UMOCIJ,1,2.2168194307550118,2
UNEHUS,8,3.8446106543079224,2
UNEJAA,2,4.357377618291151,2
UNIDUQ,0,4.5304562988383985,2
UNIFAY,0,4.17647621794138,1
UNIFEC,18,1.8333875902112022,2
UNIFOM,2,2.28614193966212,2
UPEBIC,3,0.8529721490909252,2
UPENAG01,0,4.851919013068812,2
UPENEK01,3,4.923706285669951,3
UPENIO01,1,4.8056069738882226,3
UPICOM,1,4.747797865818152,2
UPISOC,0,4.115861642521269,3
UPULEX,2,7.727723936880315,2
UPUTOQ,1,9.329659291695755,1
UPUTUW,4,9.239909299708144,1
UQAXUG,1,6.2800044956536585,2
UQAYAN,6,6.392638161463154,2
UQAYER,19,6.611896815116346,2
UQEGUU,0,2.84903704095771,2
UQEKUY,1,4.71973046193062,2
UQELAF,0,4.800692299643142,2
UQELEJ,3,5.389403214158682,2
UQELIN,4,5.68810771513183,2
USENEN,0,3.997556905634893,3
USENIR,1,4.320485752827937,3
UTEVAR,7,6.0395444805350635,4
UTEVEV,5,5.829679734421987,4
UTEVIZ,0,5.60125586744617,4
UTEVOF,156,8.876775309502085,4
UVISIC,3,2.8201705381096045,3
UWIMIY,2,7.683447839886327,2
UWIMOE,3,7.1519950865138195,2
UWODUG,1,3.9212797747540793,3
UWOFAO,1,4.176417077393818,3
UWOFES,0,4.117607425477564,3
UWOFIW,1,7.892168640917475,3
UWOFUI,5,2.911473373707381,2
UWOGAP,0,4.505835024031411,4
UWOGET,0,4.082490368618814,4
UWUFAU,3,0.9068132004046414,1
UWUFEY,1,0.6782589410819977,2
UWUFIC,4,1.8746953350286804,2
UYUGOM,11,7.00372533491324,2
UYUXIW,3,1.4377611809440558,3
UYUXOC,0,2.2549008628619256,3
UYUXUI,0,1.163717022867171,3
UYUYAP,0,1.1061400353725541,0
VABGOX,3,1.7377124159170863,2
VABGUD,0,1.8249525435237062,2
VABHAK,0,1.817552745315926,2
VAMTIO,5,1.1574228350168307,1
VAMVUC,0,0.6502458819611401,2
VANSEL,17,0.4901080503190669,3
VANVEO,1,1.82802977517435,2
VAPQOU,13,4.0458897616183185,1
VAPSAJ,1,3.9069835717537384,2
VAPSEN,0,6.4980395520640855,2
VAWJOU,1,1.6137921388196568,2
VAWJUA,3,1.2561123772107652,2
VAWKAH,3,1.4774925910686139,2
VAWYEA,0,5.878000081887181,2
VAWYIE,16,5.606325306757864,2
VAXTIZ,15,0.9193516275527047,2
VAXTIZ01,0,0.7530124389639297,2
VAYLIT,15,0.5171166083292693,2
VAYLOZ,2,2.431371579266567,2
VAYLUF,3,1.3358366454732802,2
VAYMAM,0,1.0292225069463874,2
VAYMEQ,1,0.7278287075831149,2
VEDTOQ,2,4.446966734417458,2
VEDTUW,5,4.3657539748133125,2
VEFBEN,6,1.240500787444439,2
VEFYUB,0,3.3332474181778466,2
VEFZAI,3,4.759499418625575,2
VEFZEM,0,3.123651105615044,2
VEFZIQ,4,3.116180060549993,2
VEFZOW,0,7.4156772293194155,2
VEJKUT,1,0.8058489218930318,1
VEKZER,1,3.8263459945928457,2
VEKZIV,1,4.01503446583372,2
VELQIN,0,1.2267024329641005,2
VELWUG,0,1.216573585667097,2
VEMYAO,0,1.354452536171293,2
VEMYES,1,2.6196224387301865,2
VEMYIW,2,0.7330018623201853,4
VEMYOC,1,3.6325163327794594,2
VEMYUI,0,1.0738713351948324,2
VEMZAP,1,1.199027085366899,2
VEPFIG,2,1.5387733650545852,3
VEXPUL,1,3.9545873898522426,0
VEYQOF,0,4.055148786284795,2
VIDLUR,10,1.7226116880595166,2
VIKPIR,11,4.900303171166605,2
VIKPOX,2,4.925163158209504,2
VIKTEP,1,2.539939999057616,2
VIKTUF,4,1.5462491715733653,3
VIKVAN,7,1.6055972259237836,2
VIKVER,0,1.7431613907450587,1
VIKVIV,12,1.6949767604302335,1
VIKVOB,2,1.3420720666813453,2
VIKVUH,1,1.7633495782933433,1
VIKWAO,4,1.7680037400272997,1
VILBUQ,5,4.944049681589588,2
VIMBIE,0,4.35285830503955,2
VIMBOK,0,4.102647830136753,2
VIMBUQ,0,4.1639953017227285,1
VINPOY,0,3.848782386728605,3
VINPUE,1,3.994627484873568,3
VINQUF,1,4.477996352985777,1
VINVAS,1,5.058624351771467,2
VINVEW,1,5.046396658662129,2
VITCUZ,1,4.667693251448803,2
VIWQOH,3,1.7570845549972591,5
VODBAS,3,5.059704960509942,2
VOFJIK,3,6.3804039587325665,2
VOFRUF,1,3.7546442979739196,4
VOJLIQ,0,6.284612117962206,2
VOKRET,7,0.356276927963743,2
VOLZON,55,4.2019571170321175,4
VOMPAQ,0,5.738961649233028,4
VOMPEU,70,3.7592762204010524,4
VOMPIY,0,7.077198862291368,4
VONNIW,2,0.5597193269600278,0
VORJUI,0,5.146561680853269,1
VORKAP,1,1.8576169805996283,1
VORTUS,1,0.7200836896620868,2
VOTJOF,2,4.012810959473956,2
VOWQEF,0,0.5963085543004567,2
VOWQOP,0,0.8778780959267292,2
VOWTUY,0,1.8910888819620983,3
VOWVEK,0,1.9038322664472047,2
VPGVGB10,1,8.509362234573933,2
VUBBOJ,0,2.406842610602913,2
VUBBUP,1,2.7417639697988583,2
VUCQER,5,4.761216118060972,2
VUCTUI,1,5.442312022449631,2
VUHHEM,3,1.6771286564695709,2
VUJWUS,7,1.2385542264552627,2
VUJWUS01,2,1.2398048508559083,2
VUJXAZ,3,1.2956322776017228,2
VUJXED,8,1.187056987946725,2
VUKMUL,14,0.6168612069084256,2
VULGOZ,2,3.248178108152087,1
VULGUF,0,3.346640721135015,1
VULHAM,11,4.83667420709177,2
VULHEQ,0,4.840825812971234,1
VULHIU,4,4.406468525381484,1
VUNQOM,4,2.0502031733037493,3
VUQMIE,0,3.8557766111045315,2
VUQMOK,1,3.607515677655383,2
VUQMUQ,1,4.75676916985147,2
VUQQEF,3,2.1280074289098914,2
VUQQIJ,1,2.1148809858986977,2
VUQQOP,2,4.962919772029284,2
VURBUF,6,5.6682487488230375,3
VUSFIY,1,1.7424914894138737,2
VUSYOY,3,4.817448148745335,2
VUSYUE,1,5.347415710549191,2
VUSZAL,1,5.056262622532033,2
WABKOC,4,2.518493342484691,2
WAJJAS,0,1.4939489772079715,0
WAPDUP,9,8.67335736680639,1
WARSIS,1,1.7754110121434885,2
WARSOY,1,1.6765471595880306,2
WATJOT,3,7.856744156282485,2
WAVNIT,4,1.2127753309141411,2
WAWGEJ,2,5.2336073583153855,2
WECLOF,2,5.683668132641339,2
WECLUL,0,0.41965873043642654,2
WECMAS,2,0.519468708434434,2
WECMEW,1,1.3257080364502172,2
WECPAV,1,1.1132335548710892,3
WECPID,2,0.6706338401069236,0
WECWOS,1,1.2668190154728376,1
WECWUY,3,1.3856320778929279,0
WEGREH,0,5.24135392145527,2
WEGRIL,1,4.716700359995588,2
WESDAC,0,6.985632062654943,0
WESDEG,1,6.437070074150251,0
WESDOQ,1,6.516567011142767,0
WESDUW,2,7.042726091285768,0
WEYHIU,1,6.607210188494333,5
WINBUQ,3,2.0216651236370304,4
WINCIF,3,2.5267674196620535,2
WIQHOW,3,1.4201041715898062,3
WIQHUC,3,1.6942088687750432,3
WIQJAK,3,1.7241588408275734,3
WIQNAO,8,0.5703577514820672,2
WIQNIW,9,0.8825360453303657,2
WISWIE,20,1.6548556898555211,2
WITWON,3,3.5754876082869456,2
WIVDIP,15,4.064875965417961,2
WIVDOV,0,5.386282074736476,2
WIVHUF,4,2.3928918715058463,2
WIVJAN,10,3.0355055055892843,2
WIWLOD,0,0.6690534035475171,1
WIWLUJ,2,0.3201904676100935,2
WIWMAQ,1,0.30302325266679464,0
WODKOR,3,1.424485398970453,4
WODKUX,3,0.6048644603499675,0
WODKUX01,0,0.7622696825013895,2
WODLEI,1,0.8271878863467252,1
WODLIM,3,1.051085387358507,1
WOGBOJ,4,3.9226360249930567,3
WOGMEM,1,7.185233410221384,2
WOHFAC,8,2.464107163874307,1
WOHFEG,7,2.1437325942829726,1
WOHFOQ,7,0.9125197004923771,1
WOHFUW,8,3.2468540354647195,1
WOHGIL,0,2.1216628709585272,2
WOLTOH,2,1.3878688682601958,2
WOPZIM,2,4.724204576981338,2
WOQDEL,0,6.4811311402623115,2
WOQGEQ,1,4.39983885814954,2
WUGPOF,0,2.2432178397173703,2
WUKLAR,1,5.545158401899755,2
WUKLEV,3,5.265972209551073,2
WUKTOL,0,4.983157698424124,2
WUNWEJ,0,5.486578297133571,2
WUQYUE,0,1.8843220427874603,2
WURVOV,6,4.011544620622125,2
WUSYIS,9,1.5442338249575696,2
WUTJOM,3,5.217867152338533,4
WUVZIW,0,4.951904573742228,2
WUXNUA,1,3.4866083088847097,2
XABXUV,0,0.49652630342547743,0
XABYAC,0,0.37548203620763854,0
XAGXUY,0,4.259554315434375,2
XAGYOT,1,5.05192176149932,2
XAMQEK,8,1.160802281052994,3
XAMQIO,6,1.1234630288950123,2
XAMQOU,0,1.6130783345448125,3
XAMQUA,1,2.529580904014106,3
XAPGIG,0,5.313359603193952,2
XAPYOC,0,0.6489528458314813,2
XAQJAA,1,3.4582116394172497,2
XAQJEE,1,3.4319924907729997,2
XAWKIS,3,8.028943662503167,2
XAXLAL,4,2.691384958317139,2
XAYMOC,3,6.346324056283109,3
XAYMUI,1,6.687218907684018,3
XELJOO,0,1.7531019183823,1
XEQYEY,1,1.491020850882797,1
XETSIB,3,1.9504274648537012,2
XEWDAE,0,0.29790264127030097,0
XEWDAE01,0,0.29790264123622734,0
XEWDEI,0,2.6558228942217883,1
XEWDEI01,0,2.649141454379817,1
XEXDAI,3,2.0254436195827803,5
XEXFUE,1,1.8699760745990948,1
XEXYOP,0,5.0744573214693585,2
XEZROK,0,5.131855429964848,2
XIBPUU,2,1.7834895154483252,0
XICBEQ,3,1.733478360050551,2
XIKNUC,0,4.823914051643008,2
XIKPAK,0,4.0555710375940865,2
XIMXEW,3,1.260058108174924,2
XIMXIA,1,1.7682247093401555,2
XINQUI,3,5.0176753519282205,2
XISFIQ,0,1.791159154681611,4
XISFOW,0,1.7784224855881465,2
XIVYIN,0,2.0177861807162123,0
XIVYOT,3,2.074249689471771,0
XIVYUZ,0,7.8276183240174895,6
XIVZAG,1,2.132180278149176,3
XIVZEK,0,1.674253355511782,3
XIVZIO,4,1.5876586784480726,1
XIZCIT,1,0.4105577119684476,0
XIZZIQ,3,5.283618674437395,2
XODLIN,0,2.452328108221574,1
XOJDIK,4,5.675986165990578,2
XOLGOV,7,5.088080892592124,2
XONWON,0,3.809753359438124,3
XONWUT,0,4.07262231519759,2
XONXAA,6,4.366392189988797,2
XOVFUL,3,2.5701293950866666,2
XOVGAS,5,1.9501843103690502,2
XOVGEW,0,2.9344028397289565,4
XOVGOG,3,0.25712247384339815,1
XOWGIZ,2,0.5245498213994924,1
XUBYAV,3,5.371507824975753,2
XUBYEZ,0,5.211308641159629,2
XUBYID,15,5.352822648016289,2
XUBYOJ,0,5.240308205200554,2
XUBYUP,1,4.915156866300439,2
XUBZAW,5,5.301407991067025,2
XUDPIW,2,5.245842744744756,2
XUDPOC,0,5.208438007300021,2
XUDPUI,11,5.033465631950724,2
XUFSUO,6,3.5794699833656245,3
XUHKOC,0,5.330124288854497,2
XUHKUI,0,5.308578051342463,2
XUSZOA,11,2.744323776172139,2
XUSZUG,0,2.689535582675179,2
XUTBAP,7,1.9447138416163505,2
XUTBET,0,2.287469667247119,2
XUTBIX,1,2.327576061660514,2
XUXGAZ,0,5.371400698989177,2
XUXGED,2,5.403367385462396,2
XUXTOB,0,9.329917141281088,12
YAFDOZ,1,3.8386739469317885,2
YAFFIV,0,0.6163623278653994,2
YAFFOB,0,0.9579125492299236,1
YAFLIB,1,0.2934111443084815,1
YAFLOH,1,0.6462789470376191,0
YAFLUN,0,1.1200515580365233,2
YAGKOI,1,2.0316598022297074,2
YAJPOR,1,4.787163704361226,2
YALMIJ,1,2.735249416742142,1
YAPYEV,0,0.9646347163259965,1
YAQVAQ,1,7.785715712882839,2
YAQVEU,7,8.983054182492648,2
YAQYUN,2,1.2174166571721683,3
YARMUC,1,4.413482609990226,2
YARNAJ,3,6.7385414518574756,2
YARNEN,7,7.522726705269774,2
YAVQAN,1,2.7518668050046657,3
YAVQER,6,3.1785439489572593,2
YAVQIV,13,7.79311873709127,2
YAVQOB,109,7.825825620549425,2
YAXQOG,0,5.354902255384323,2
YECPIH,0,1.6681765471758285,2
YECPON,3,0.3426339934597662,0
YEDNAZ,2,1.2320817864855464,3
YEKTAK,0,1.3723073268257728,2
YEKVUG,2,6.200768301326086,4
YEQBEC,0,3.4375220624335925,2
YERMIU,1,4.964471786575441,2
YERMOA,0,4.862705009917269,2
YERMUG,5,4.798095221597999,2
YERNAN,0,5.024424611979372,2
YERNER,2,4.167290023659202,2
YERSIA,0,4.6805420067054175,3
YERTAT,8,5.107963737481663,2
YESREU,0,1.3776724148966015,2
YESRUK,5,2.275358321221178,1
YESSAR,0,1.301407261172764,2
YETKAJ,0,5.800619845054856,6
YETKEN,1,5.186112502415348,6
YETWIG,0,5.0182597143574625,2
YEWMUJ,1,1.8174309785298015,2
YEYPOJ,0,5.014035467722314,2
YEYYOT,0,3.2834974485408543,2
YEZLOH,0,0.3523948884255472,2
YEZMAU,0,0.27259550746060945,2
YEZMIC,6,6.19082056429772,2
YEZMOI,0,3.685882912529783,3
YEZMUO,0,4.767219776759328,3
YEZNAV,1,5.003581067529733,2
YIGNOT,0,2.7729653961797127,2
YIGPOW,1,6.842745096722865,4
YIGQEN,0,8.351010933491166,4
YIKTOE,1,4.780105033810795,2
YIKTUK,0,5.392676940021191,1
YILCAA,5,5.895977403243064,2
YILCEE,2,5.869404643350991,2
YILCUU,5,5.904190317295706,4
YILDAB,12,5.886915388077879,2
YIZWOU,1,2.9823755633241285,2
YIZXOW,0,1.0819482699373277,2
YOCRAJ,0,3.872509886599501,4
YODLEK,3,3.528385321718106,2
YODLIO,1,2.199227505324858,2
YOFQEQ,0,5.4221390394578535,2
YOHXOK,2,6.397573492096871,4
YOKTEY,21,0.9297891082870176,2
YOKTIC,6,1.168088517417504,2
YOPGIU,0,4.168751251979291,2
YOWJAX,0,1.697561885033839,2
YOWNAA,1,1.7782712962048275,2
YUFJEP,1,5.201717151102589,2
YUFJIT,0,4.914938029280002,2
YUNZAK,12,4.427200890565546,2
YUPTIM,3,5.759796230814294,4
YURSAH,0,5.017732104285984,2
YUZHAE,11,5.345480838646559,3
ZAMDOJ,0,0.26951892039266223,2
ZAMDUP,3,7.0575370503403185,2
ZAPKIK,22,4.303112446428631,3
ZAPKOQ,34,4.050181466321458,3
ZAXPUM,21,1.7458124424830626,2
ZECMUP,4,2.5836247668018646,4
ZECMUP01,1,2.5849162822945666,4
ZECNAW,3,1.9030200945346274,3
ZECNAW01,3,1.9046136337659223,3
ZECVOV,14,3.4788875038539797,2
ZEFMII,0,1.5279611828721094,3
ZEFMII01,0,1.5724627058816534,3
ZEFMUU,3,1.4116516235562506,2
ZEFNAB,0,1.609090734091588,2
ZEFNEF,1,1.344736365659252,1
ZEFNIJ,10,1.1206807686588482,1
ZEJGAZ01,1,6.335706172882935,1
ZEJKOR,6,1.508613261934625,2
ZELDID,0,3.7630074048304523,6
ZERQIZ,17,3.4017955949474135,3
ZERQOF,10,3.4187123850698273,3
ZETMIX,0,1.1983399387580738,2
ZETMOD,3,0.8573827643089307,2
ZETNAQ,3,2.2363847467061677,2
ZETNEU,2,1.5296248442614702,2
ZETNIY,1,1.3426234112450683,2
ZETNOE,1,0.3442537192893762,1
ZIFNIN,2,5.156874415005937,2
ZIFNOT,0,5.0530198184037065,2
ZIJWUM,1,5.869713833546038,0
ZIJXUN,0,5.915150777499001,0
ZIJYAU,0,5.901939919616758,0
ZIJYEY,1,5.90790091581159,0
ZIPYIJ,24,4.84560560953774,2
ZIPYOP,0,4.841052586357234,2
ZIRCIO,0,20.456640758308144,6
ZODFEF,0,4.864195390306882,2
ZODLUB,1,5.574359692531604,2
ZODNEL,1,2.963336075144603,2
ZOFWIA,0,1.0926176314660019,2
ZOFWOG,0,0.7176518993834269,2
ZOPCIQ,0,4.278040753628472,2
ZOQQON,2,7.299688469518994,2
ZOQQUT,3,1.9343075567547996,2
ZOQRAA,0,3.8609558118378646,3
ZORKUM,0,1.1282980414757673,2
ZOVCES,3,1.9895520392961763,2
ZOVCES01,3,1.989552039296187,2
ZOVCIW,3,0.776083171538938,2
ZOVCIW01,3,0.776083171538938,2
ZUCPUK,8,3.9536057216035227,2
ZUCQEV,0,4.030386420471769,2
ZUCQIZ,3,3.813629317106812,2
ZUFVEB,1,4.7685703088249305,5
ZULHIZ,0,4.921117409814604,2
ZUNRUV,1,1.0214394064222754,0
ZUNSAC,1,0.5988821713888277,2
ZUNVEL,2,5.7051515685673255,2
ZURXUH,2,1.4837379051099622,3
ZURYAO,3,0.5581951144095196,3
ZUTSIS,1,4.176828447082446,2
ZUVYUM,1,4.821186259397992,2
ZUVZAT,0,5.808283741199347,2
ZUVZEX,1,4.959702884114803,2
ZUVZIB,2,5.436569114814793,1
ZUWBAW,3,0.45845800861025543,1
ZUWBEA,1,0.761474190140643,1
ZUWBIE,11,0.768770480549565,1
ZUWBOK,0,0.5480070342904986,1
ZUYPUG,1,1.0667565807815182,3
ZUYQAN,9,1.0326765183241204,2
